"0","result
"
"1","$coefficients
"
"1","    "
"1","         [,1]"
"1","
[1,]"
"1"," -0.008819796"
"1","
[2,]"
"1","  0.228341447"
"1","
"
"1","
"
"1","$fitted
"
"1","       "
"1","         [,1]"
"1","
   [1,]"
"1"," -0.008785626"
"1","
   [2,]"
"1"," -0.008797131"
"1","
   [3,]"
"1"," -0.008800638"
"1","
   [4,]"
"1"," -0.008802361"
"1","
   [5,]"
"1"," -0.008808716"
"1","
   [6,]"
"1"," -0.008798137"
"1","
   [7,]"
"1"," -0.008800923"
"1","
   [8,]"
"1"," -0.008805848"
"1","
   [9,]"
"1"," -0.008822911"
"1","
  [10,]"
"1"," -0.008826710"
"1","
  [11,]"
"1"," -0.008832988"
"1","
  [12,]"
"1"," -0.008832489"
"1","
  [13,]"
"1"," -0.008826862"
"1","
  [14,]"
"1"," -0.008823333"
"1","
  [15,]"
"1"," -0.008816248"
"1","
  [16,]"
"1"," -0.008831229"
"1","
  [17,]"
"1"," -0.008841943"
"1","
  [18,]"
"1"," -0.008850257"
"1","
  [19,]"
"1"," -0.008854406"
"1","
  [20,]"
"1"," -0.008863077"
"1","
  [21,]"
"1"," -0.008857209"
"1","
  [22,]"
"1"," -0.008856979"
"1","
  [23,]"
"1"," -0.008861673"
"1","
  [24,]"
"1"," -0.008850320"
"1","
  [25,]"
"1"," -0.008844774"
"1","
  [26,]"
"1"," -0.008851656"
"1","
  [27,]"
"1"," -0.008853257"
"1","
  [28,]"
"1"," -0.008851897"
"1","
  [29,]"
"1"," -0.008848416"
"1","
  [30,]"
"1"," -0.008845831"
"1","
  [31,]"
"1"," -0.008837153"
"1","
  [32,]"
"1"," -0.008833136"
"1","
  [33,]"
"1"," -0.008837866"
"1","
  [34,]"
"1"," -0.008811829"
"1","
  [35,]"
"1"," -0.008803174"
"1","
  [36,]"
"1"," -0.008793739"
"1","
  [37,]"
"1"," -0.008785715"
"1","
  [38,]"
"1"," -0.008765228"
"1","
  [39,]"
"1"," -0.008773340"
"1","
  [40,]"
"1"," -0.008772515"
"1","
  [41,]"
"1"," -0.008780973"
"1","
  [42,]"
"1"," -0.008768785"
"1","
  [43,]"
"1"," -0.008789063"
"1","
  [44,]"
"1"," -0.008802595"
"1","
  [45,]"
"1"," -0.008802493"
"1","
  [46,]"
"1"," -0.008785235"
"1","
  [47,]"
"1"," -0.008783799"
"1","
  [48,]"
"1"," -0.008781704"
"1","
  [49,]"
"1"," -0.008775005"
"1","
  [50,]"
"1"," -0.008793014"
"1","
  [51,]"
"1"," -0.008793816"
"1","
  [52,]"
"1"," -0.008801004"
"1","
  [53,]"
"1"," -0.008805358"
"1","
  [54,]"
"1"," -0.008801681"
"1","
  [55,]"
"1"," -0.008779389"
"1","
  [56,]"
"1"," -0.008775903"
"1","
  [57,]"
"1"," -0.008741386"
"1","
  [58,]"
"1"," -0.008725977"
"1","
  [59,]"
"1"," -0.008725854"
"1","
  [60,]"
"1"," -0.008725012"
"1","
  [61,]"
"1"," -0.008718219"
"1","
  [62,]"
"1"," -0.008711336"
"1","
  [63,]"
"1"," -0.008703153"
"1","
  [64,]"
"1"," -0.008705004"
"1","
  [65,]"
"1"," -0.008710838"
"1","
  [66,]"
"1"," -0.008711774"
"1","
  [67,]"
"1"," -0.008705096"
"1","
  [68,]"
"1"," -0.008703955"
"1","
  [69,]"
"1"," -0.008704241"
"1","
  [70,]"
"1"," -0.008692087"
"1","
  [71,]"
"1"," -0.008689869"
"1","
  [72,]"
"1"," -0.008689353"
"1","
  [73,]"
"1"," -0.008692347"
"1","
  [74,]"
"1"," -0.008687942"
"1","
  [75,]"
"1"," -0.008685020"
"1","
  [76,]"
"1"," -0.008690367"
"1","
  [77,]"
"1"," -0.008687463"
"1","
  [78,]"
"1"," -0.008690319"
"1","
  [79,]"
"1"," -0.008681080"
"1","
  [80,]"
"1"," -0.008683423"
"1","
  [81,]"
"1"," -0.008696100"
"1","
  [82,]"
"1"," -0.008681806"
"1","
  [83,]"
"1"," -0.008686470"
"1","
  [84,]"
"1"," -0.008694634"
"1","
  [85,]"
"1"," -0.008694609"
"1","
  [86,]"
"1"," -0.008694922"
"1","
  [87,]"
"1"," -0.008691269"
"1","
  [88,]"
"1"," -0.008686227"
"1","
  [89,]"
"1"," -0.008688687"
"1","
  [90,]"
"1"," -0.008703172"
"1","
  [91,]"
"1"," -0.008689512"
"1","
  [92,]"
"1"," -0.008691821"
"1","
  [93,]"
"1"," -0.008699808"
"1","
  [94,]"
"1"," -0.008692679"
"1","
  [95,]"
"1"," -0.008701222"
"1","
  [96,]"
"1"," -0.008690042"
"1","
  [97,]"
"1"," -0.008692284"
"1","
  [98,]"
"1"," -0.008699213"
"1","
  [99,]"
"1"," -0.008692908"
"1","
 [100,]"
"1"," -0.008696250"
"1","
 [101,]"
"1"," -0.008691534"
"1","
 [102,]"
"1"," -0.008686508"
"1","
 [103,]"
"1"," -0.008688577"
"1","
 [104,]"
"1"," -0.008685065"
"1","
 [105,]"
"1"," -0.008702509"
"1","
 [106,]"
"1"," -0.008707130"
"1","
 [107,]"
"1"," -0.008703006"
"1","
 [108,]"
"1"," -0.008698491"
"1","
 [109,]"
"1"," -0.008726432"
"1","
 [110,]"
"1"," -0.008703804"
"1","
 [111,]"
"1"," -0.008696855"
"1","
 [112,]"
"1"," -0.008700570"
"1","
 [113,]"
"1"," -0.008704812"
"1","
 [114,]"
"1"," -0.008693976"
"1","
 [115,]"
"1"," -0.008699154"
"1","
 [116,]"
"1"," -0.008699291"
"1","
 [117,]"
"1"," -0.008691736"
"1","
 [118,]"
"1"," -0.008697384"
"1","
 [119,]"
"1"," -0.008703651"
"1","
 [120,]"
"1"," -0.008696023"
"1","
 [121,]"
"1"," -0.008701706"
"1","
 [122,]"
"1"," -0.008689547"
"1","
 [123,]"
"1"," -0.008696151"
"1","
 [124,]"
"1"," -0.008702917"
"1","
 [125,]"
"1"," -0.008685240"
"1","
 [126,]"
"1"," -0.008694438"
"1","
 [127,]"
"1"," -0.008699383"
"1","
 [128,]"
"1"," -0.008691621"
"1","
 [129,]"
"1"," -0.008691851"
"1","
 [130,]"
"1"," -0.008695411"
"1","
 [131,]"
"1"," -0.008703713"
"1","
 [132,]"
"1"," -0.008700928"
"1","
 [133,]"
"1"," -0.008693702"
"1","
 [134,]"
"1"," -0.008695539"
"1","
 [135,]"
"1"," -0.008692642"
"1","
 [136,]"
"1"," -0.008692507"
"1","
 [137,]"
"1"," -0.008691551"
"1","
 [138,]"
"1"," -0.008695136"
"1","
 [139,]"
"1"," -0.008691403"
"1","
 [140,]"
"1"," -0.008691829"
"1","
 [141,]"
"1"," -0.008697065"
"1","
 [142,]"
"1"," -0.008675694"
"1","
 [143,]"
"1"," -0.008669739"
"1","
 [144,]"
"1"," -0.008683622"
"1","
 [145,]"
"1"," -0.008683603"
"1","
 [146,]"
"1"," -0.008638155"
"1","
 [147,]"
"1"," -0.008639137"
"1","
 [148,]"
"1"," -0.008640566"
"1","
 [149,]"
"1"," -0.008668345"
"1","
 [150,]"
"1"," -0.008652847"
"1","
 [151,]"
"1"," -0.008654426"
"1","
 [152,]"
"1"," -0.008675068"
"1","
 [153,]"
"1"," -0.008665721"
"1","
 [154,]"
"1"," -0.008665196"
"1","
 [155,]"
"1"," -0.008656125"
"1","
 [156,]"
"1"," -0.008657007"
"1","
 [157,]"
"1"," -0.008657446"
"1","
 [158,]"
"1"," -0.008674067"
"1","
 [159,]"
"1"," -0.008694285"
"1","
 [160,]"
"1"," -0.008804604"
"1","
 [161,]"
"1"," -0.008795381"
"1","
 [162,]"
"1"," -0.008809073"
"1","
 [163,]"
"1"," -0.008820569"
"1","
 [164,]"
"1"," -0.008820569"
"1","
 [165,]"
"1"," -0.008814366"
"1","
 [166,]"
"1"," -0.008843208"
"1","
 [167,]"
"1"," -0.008843939"
"1","
 [168,]"
"1"," -0.008838432"
"1","
 [169,]"
"1"," -0.008856528"
"1","
 [170,]"
"1"," -0.008858940"
"1","
 [171,]"
"1"," -0.008862731"
"1","
 [172,]"
"1"," -0.008858800"
"1","
 [173,]"
"1"," -0.008866938"
"1","
 [174,]"
"1"," -0.008857067"
"1","
 [175,]"
"1"," -0.008852311"
"1","
 [176,]"
"1"," -0.008845610"
"1","
 [177,]"
"1"," -0.008846534"
"1","
 [178,]"
"1"," -0.008849051"
"1","
 [179,]"
"1"," -0.008848277"
"1","
 [180,]"
"1"," -0.008844158"
"1","
 [181,]"
"1"," -0.008838659"
"1","
 [182,]"
"1"," -0.008842533"
"1","
 [183,]"
"1"," -0.008844212"
"1","
 [184,]"
"1"," -0.008847462"
"1","
 [185,]"
"1"," -0.008842681"
"1","
 [186,]"
"1"," -0.008840305"
"1","
 [187,]"
"1"," -0.008835606"
"1","
 [188,]"
"1"," -0.008843470"
"1","
 [189,]"
"1"," -0.008855927"
"1","
 [190,]"
"1"," -0.008872698"
"1","
 [191,]"
"1"," -0.008898936"
"1","
 [192,]"
"1"," -0.008886986"
"1","
 [193,]"
"1"," -0.008874129"
"1","
 [194,]"
"1"," -0.008877385"
"1","
 [195,]"
"1"," -0.008869604"
"1","
 [196,]"
"1"," -0.008884282"
"1","
 [197,]"
"1"," -0.008884534"
"1","
 [198,]"
"1"," -0.008882030"
"1","
 [199,]"
"1"," -0.008922007"
"1","
 [200,]"
"1"," -0.008955926"
"1","
 [201,]"
"1"," -0.008935117"
"1","
 [202,]"
"1"," -0.008906373"
"1","
 [203,]"
"1"," -0.008918519"
"1","
 [204,]"
"1"," -0.008909041"
"1","
 [205,]"
"1"," -0.008914952"
"1","
 [206,]"
"1"," -0.008905101"
"1","
 [207,]"
"1"," -0.008899486"
"1","
 [208,]"
"1"," -0.008897095"
"1","
 [209,]"
"1"," -0.008896466"
"1","
 [210,]"
"1"," -0.008868426"
"1","
 [211,]"
"1"," -0.008887363"
"1","
 [212,]"
"1"," -0.008881763"
"1","
 [213,]"
"1"," -0.008874798"
"1","
 [214,]"
"1"," -0.008977344"
"1","
 [215,]"
"1"," -0.008998562"
"1","
 [216,]"
"1"," -0.008928082"
"1","
 [217,]"
"1"," -0.008990140"
"1","
 [218,]"
"1"," -0.009008778"
"1","
 [219,]"
"1"," -0.008997337"
"1","
 [220,]"
"1"," -0.009026131"
"1","
 [221,]"
"1"," -0.009024629"
"1","
 [222,]"
"1"," -0.009016796"
"1","
 [223,]"
"1"," -0.008933271"
"1","
 [224,]"
"1"," -0.009041056"
"1","
 [225,]"
"1"," -0.009029020"
"1","
 [226,]"
"1"," -0.009018944"
"1","
 [227,]"
"1"," -0.009028368"
"1","
 [228,]"
"1"," -0.009019826"
"1","
 [229,]"
"1"," -0.009034996"
"1","
 [230,]"
"1"," -0.009026479"
"1","
 [231,]"
"1"," -0.008945774"
"1","
 [232,]"
"1"," -0.009030559"
"1","
 [233,]"
"1"," -0.009042027"
"1","
 [234,]"
"1"," -0.009028996"
"1","
 [235,]"
"1"," -0.009041975"
"1","
 [236,]"
"1"," -0.009070018"
"1","
 [237,]"
"1"," -0.009048753"
"1","
 [238,]"
"1"," -0.008968482"
"1","
 [239,]"
"1"," -0.009074919"
"1","
 [240,]"
"1"," -0.009087407"
"1","
 [241,]"
"1"," -0.008995138"
"1","
 [242,]"
"1"," -0.009106300"
"1","
 [243,]"
"1"," -0.009075272"
"1","
 [244,]"
"1"," -0.009009213"
"1","
 [245,]"
"1"," -0.009090952"
"1","
 [246,]"
"1"," -0.009079515"
"1","
 [247,]"
"1"," -0.009086369"
"1","
 [248,]"
"1"," -0.009074730"
"1","
 [249,]"
"1"," -0.009071190"
"1","
 [250,]"
"1"," -0.009093193"
"1","
 [251,]"
"1"," -0.009063415"
"1","
 [252,]"
"1"," -0.009084626"
"1","
 [253,]"
"1"," -0.009094074"
"1","
 [254,]"
"1"," -0.009095256"
"1","
 [255,]"
"1"," -0.009090178"
"1","
 [256,]"
"1"," -0.009108228"
"1","
 [257,]"
"1"," -0.009102022"
"1","
 [258,]"
"1"," -0.009067121"
"1","
 [259,]"
"1"," -0.009065414"
"1","
 [260,]"
"1"," -0.009048107"
"1","
 [261,]"
"1"," -0.009059767"
"1","
 [262,]"
"1"," -0.009071638"
"1","
 [263,]"
"1"," -0.009070015"
"1","
 [264,]"
"1"," -0.009081391"
"1","
 [265,]"
"1"," -0.009091087"
"1","
 [266,]"
"1"," -0.009075021"
"1","
 [267,]"
"1"," -0.009067560"
"1","
 [268,]"
"1"," -0.009059591"
"1","
 [269,]"
"1"," -0.009042259"
"1","
 [270,]"
"1"," -0.009073589"
"1","
 [271,]"
"1"," -0.009064113"
"1","
 [272,]"
"1"," -0.009055653"
"1","
 [273,]"
"1"," -0.009098020"
"1","
 [274,]"
"1"," -0.009023930"
"1","
 [275,]"
"1"," -0.009099951"
"1","
 [276,]"
"1"," -0.009028643"
"1","
 [277,]"
"1"," -0.009183273"
"1","
 [278,]"
"1"," -0.009212015"
"1","
 [279,]"
"1"," -0.009187467"
"1","
 [280,]"
"1"," -0.009218482"
"1","
 [281,]"
"1"," -0.009203202"
"1","
 [282,]"
"1"," -0.009216041"
"1","
 [283,]"
"1"," -0.009198504"
"1","
 [284,]"
"1"," -0.009188511"
"1","
 [285,]"
"1"," -0.009222040"
"1","
 [286,]"
"1"," -0.009204578"
"1","
 [287,]"
"1"," -0.009190189"
"1","
 [288,]"
"1"," -0.009210441"
"1","
 [289,]"
"1"," -0.009192027"
"1","
 [290,]"
"1"," -0.009224009"
"1","
 [291,]"
"1"," -0.009251839"
"1","
 [292,]"
"1"," -0.009221338"
"1","
 [293,]"
"1"," -0.009218275"
"1","
 [294,]"
"1"," -0.009204118"
"1","
 [295,]"
"1"," -0.009216655"
"1","
 [296,]"
"1"," -0.009191405"
"1","
 [297,]"
"1"," -0.009179358"
"1","
 [298,]"
"1"," -0.009211880"
"1","
 [299,]"
"1"," -0.009204457"
"1","
 [300,]"
"1"," -0.009185115"
"1","
 [301,]"
"1"," -0.009175719"
"1","
 [302,]"
"1"," -0.009162954"
"1","
 [303,]"
"1"," -0.009153887"
"1","
 [304,]"
"1"," -0.009153779"
"1","
 [305,]"
"1"," -0.009151188"
"1","
 [306,]"
"1"," -0.009147620"
"1","
 [307,]"
"1"," -0.009185494"
"1","
 [308,]"
"1"," -0.009190016"
"1","
 [309,]"
"1"," -0.009215185"
"1","
 [310,]"
"1"," -0.009198377"
"1","
 [311,]"
"1"," -0.009214406"
"1","
 [312,]"
"1"," -0.009250510"
"1","
 [313,]"
"1"," -0.009240968"
"1","
 [314,]"
"1"," -0.009209812"
"1","
 [315,]"
"1"," -0.009254692"
"1","
 [316,]"
"1"," -0.009240921"
"1","
 [317,]"
"1"," -0.009241791"
"1","
 [318,]"
"1"," -0.009229358"
"1","
 [319,]"
"1"," -0.009215330"
"1","
 [320,]"
"1"," -0.009263494"
"1","
 [321,]"
"1"," -0.009247994"
"1","
 [322,]"
"1"," -0.009229185"
"1","
 [323,]"
"1"," -0.009266749"
"1","
 [324,]"
"1"," -0.009263663"
"1","
 [325,]"
"1"," -0.009263816"
"1","
 [326,]"
"1"," -0.009306130"
"1","
 [327,]"
"1"," -0.009299977"
"1","
 [328,]"
"1"," -0.009248334"
"1","
 [329,]"
"1"," -0.009259276"
"1","
 [330,]"
"1"," -0.009257121"
"1","
 [331,]"
"1"," -0.009224320"
"1","
 [332,]"
"1"," -0.009207089"
"1","
 [333,]"
"1"," -0.009203676"
"1","
 [334,]"
"1"," -0.009190525"
"1","
 [335,]"
"1"," -0.009189955"
"1","
 [336,]"
"1"," -0.009189753"
"1","
 [337,]"
"1"," -0.009193077"
"1","
 [338,]"
"1"," -0.009193599"
"1","
 [339,]"
"1"," -0.009193505"
"1","
 [340,]"
"1"," -0.009191425"
"1","
 [341,]"
"1"," -0.009188751"
"1","
 [342,]"
"1"," -0.009181784"
"1","
 [343,]"
"1"," -0.009182215"
"1","
 [344,]"
"1"," -0.009171078"
"1","
 [345,]"
"1"," -0.009181529"
"1","
 [346,]"
"1"," -0.009182988"
"1","
 [347,]"
"1"," -0.009185365"
"1","
 [348,]"
"1"," -0.009186995"
"1","
 [349,]"
"1"," -0.009188916"
"1","
 [350,]"
"1"," -0.009192448"
"1","
 [351,]"
"1"," -0.009196266"
"1","
 [352,]"
"1"," -0.009203907"
"1","
 [353,]"
"1"," -0.009197372"
"1","
 [354,]"
"1"," -0.009235633"
"1","
 [355,]"
"1"," -0.009229304"
"1","
 [356,]"
"1"," -0.009229973"
"1","
 [357,]"
"1"," -0.009258348"
"1","
 [358,]"
"1"," -0.009242448"
"1","
 [359,]"
"1"," -0.009227482"
"1","
 [360,]"
"1"," -0.009256627"
"1","
 [361,]"
"1"," -0.009242893"
"1","
 [362,]"
"1"," -0.009240946"
"1","
 [363,]"
"1"," -0.009264302"
"1","
 [364,]"
"1"," -0.009248991"
"1","
 [365,]"
"1"," -0.009245495"
"1","
 [366,]"
"1"," -0.009267854"
"1","
 [367,]"
"1"," -0.009248253"
"1","
 [368,]"
"1"," -0.009224533"
"1","
 [369,]"
"1"," -0.009262514"
"1","
 [370,]"
"1"," -0.009267152"
"1","
 [371,]"
"1"," -0.009259000"
"1","
 [372,]"
"1"," -0.009248698"
"1","
 [373,]"
"1"," -0.009224545"
"1","
 [374,]"
"1"," -0.009208899"
"1","
 [375,]"
"1"," -0.009238740"
"1","
 [376,]"
"1"," -0.009237867"
"1","
 [377,]"
"1"," -0.009225230"
"1","
 [378,]"
"1"," -0.009267191"
"1","
 [379,]"
"1"," -0.009253378"
"1","
 [380,]"
"1"," -0.009227350"
"1","
 [381,]"
"1"," -0.009255237"
"1","
 [382,]"
"1"," -0.009258885"
"1","
 [383,]"
"1"," -0.009259337"
"1","
 [384,]"
"1"," -0.009246937"
"1","
 [385,]"
"1"," -0.009237905"
"1","
 [386,]"
"1"," -0.009239006"
"1","
 [387,]"
"1"," -0.009242592"
"1","
 [388,]"
"1"," -0.009233448"
"1","
 [389,]"
"1"," -0.009229833"
"1","
 [390,]"
"1"," -0.009245280"
"1","
 [391,]"
"1"," -0.009224458"
"1","
 [392,]"
"1"," -0.009227353"
"1","
 [393,]"
"1"," -0.009201638"
"1","
 [394,]"
"1"," -0.009184771"
"1","
 [395,]"
"1"," -0.009235994"
"1","
 [396,]"
"1"," -0.009242883"
"1","
 [397,]"
"1"," -0.009231735"
"1","
 [398,]"
"1"," -0.009229759"
"1","
 [399,]"
"1"," -0.009222029"
"1","
 [400,]"
"1"," -0.009219861"
"1","
 [401,]"
"1"," -0.009220571"
"1","
 [402,]"
"1"," -0.009234420"
"1","
 [403,]"
"1"," -0.009222711"
"1","
 [404,]"
"1"," -0.009218978"
"1","
 [405,]"
"1"," -0.009228248"
"1","
 [406,]"
"1"," -0.009224210"
"1","
 [407,]"
"1"," -0.009220852"
"1","
 [408,]"
"1"," -0.009216885"
"1","
 [409,]"
"1"," -0.009223060"
"1","
 [410,]"
"1"," -0.009204228"
"1","
 [411,]"
"1"," -0.009216240"
"1","
 [412,]"
"1"," -0.009223970"
"1","
 [413,]"
"1"," -0.009211450"
"1","
 [414,]"
"1"," -0.009217630"
"1","
 [415,]"
"1"," -0.009239356"
"1","
 [416,]"
"1"," -0.009227077"
"1","
 [417,]"
"1"," -0.009221183"
"1","
 [418,]"
"1"," -0.009251851"
"1","
 [419,]"
"1"," -0.009229524"
"1","
 [420,]"
"1"," -0.009223802"
"1","
 [421,]"
"1"," -0.009239298"
"1","
 [422,]"
"1"," -0.009230743"
"1","
 [423,]"
"1"," -0.009240320"
"1","
 [424,]"
"1"," -0.009247881"
"1","
 [425,]"
"1"," -0.009235192"
"1","
 [426,]"
"1"," -0.009229665"
"1","
 [427,]"
"1"," -0.009251559"
"1","
 [428,]"
"1"," -0.009225669"
"1","
 [429,]"
"1"," -0.009257949"
"1","
 [430,]"
"1"," -0.009245590"
"1","
 [431,]"
"1"," -0.009231641"
"1","
 [432,]"
"1"," -0.009221319"
"1","
 [433,]"
"1"," -0.009250116"
"1","
 [434,]"
"1"," -0.009226348"
"1","
 [435,]"
"1"," -0.009216463"
"1","
 [436,]"
"1"," -0.009260906"
"1","
 [437,]"
"1"," -0.009248968"
"1","
 [438,]"
"1"," -0.009218320"
"1","
 [439,]"
"1"," -0.009244005"
"1","
 [440,]"
"1"," -0.009227861"
"1","
 [441,]"
"1"," -0.009209632"
"1","
 [442,]"
"1"," -0.009237715"
"1","
 [443,]"
"1"," -0.009240597"
"1","
 [444,]"
"1"," -0.009222706"
"1","
 [445,]"
"1"," -0.009241585"
"1","
 [446,]"
"1"," -0.009231251"
"1","
 [447,]"
"1"," -0.009221965"
"1","
 [448,]"
"1"," -0.009247439"
"1","
 [449,]"
"1"," -0.009237737"
"1","
 [450,]"
"1"," -0.009225167"
"1","
 [451,]"
"1"," -0.009238597"
"1","
 [452,]"
"1"," -0.009216355"
"1","
 [453,]"
"1"," -0.009218216"
"1","
 [454,]"
"1"," -0.009234734"
"1","
 [455,]"
"1"," -0.009217476"
"1","
 [456,]"
"1"," -0.009233195"
"1","
 [457,]"
"1"," -0.009214612"
"1","
 [458,]"
"1"," -0.009216306"
"1","
 [459,]"
"1"," -0.009240174"
"1","
 [460,]"
"1"," -0.009269529"
"1","
 [461,]"
"1"," -0.009276644"
"1","
 [462,]"
"1"," -0.009298632"
"1","
 [463,]"
"1"," -0.009325227"
"1","
 [464,]"
"1"," -0.009314066"
"1","
 [465,]"
"1"," -0.009298174"
"1","
 [466,]"
"1"," -0.009320854"
"1","
 [467,]"
"1"," -0.009310446"
"1","
 [468,]"
"1"," -0.009295364"
"1","
 [469,]"
"1"," -0.009337435"
"1","
 [470,]"
"1"," -0.009336151"
"1","
 [471,]"
"1"," -0.009344302"
"1","
 [472,]"
"1"," -0.009317444"
"1","
 [473,]"
"1"," -0.009306270"
"1","
 [474,]"
"1"," -0.009335772"
"1","
 [475,]"
"1"," -0.009322622"
"1","
 [476,]"
"1"," -0.009312381"
"1","
 [477,]"
"1"," -0.009355605"
"1","
 [478,]"
"1"," -0.009341589"
"1","
 [479,]"
"1"," -0.009321202"
"1","
 [480,]"
"1"," -0.009322569"
"1","
 [481,]"
"1"," -0.009323562"
"1","
 [482,]"
"1"," -0.009322190"
"1","
 [483,]"
"1"," -0.009321908"
"1","
 [484,]"
"1"," -0.009324141"
"1","
 [485,]"
"1"," -0.009317628"
"1","
 [486,]"
"1"," -0.009353510"
"1","
 [487,]"
"1"," -0.009354775"
"1","
 [488,]"
"1"," -0.009332325"
"1","
 [489,]"
"1"," -0.009386286"
"1","
 [490,]"
"1"," -0.009363147"
"1","
 [491,]"
"1"," -0.009319767"
"1","
 [492,]"
"1"," -0.009340946"
"1","
 [493,]"
"1"," -0.009332126"
"1","
 [494,]"
"1"," -0.009321682"
"1","
 [495,]"
"1"," -0.009300897"
"1","
 [496,]"
"1"," -0.009287215"
"1","
 [497,]"
"1"," -0.009277076"
"1","
 [498,]"
"1"," -0.009277656"
"1","
 [499,]"
"1"," -0.009282407"
"1","
 [500,]"
"1"," -0.009282993"
"1","
 [501,]"
"1"," -0.009273621"
"1","
 [502,]"
"1"," -0.009268989"
"1","
 [503,]"
"1"," -0.009240457"
"1","
 [504,]"
"1"," -0.009244991"
"1","
 [505,]"
"1"," -0.009242464"
"1","
 [506,]"
"1"," -0.009233869"
"1","
 [507,]"
"1"," -0.009226145"
"1","
 [508,]"
"1"," -0.009234031"
"1","
 [509,]"
"1"," -0.009232481"
"1","
 [510,]"
"1"," -0.009232128"
"1","
 [511,]"
"1"," -0.009232922"
"1","
 [512,]"
"1"," -0.009230471"
"1","
 [513,]"
"1"," -0.009237899"
"1","
 [514,]"
"1"," -0.009243043"
"1","
 [515,]"
"1"," -0.009233690"
"1","
 [516,]"
"1"," -0.009237309"
"1","
 [517,]"
"1"," -0.009277746"
"1","
 [518,]"
"1"," -0.009274851"
"1","
 [519,]"
"1"," -0.009277300"
"1","
 [520,]"
"1"," -0.009301213"
"1","
 [521,]"
"1"," -0.009285892"
"1","
 [522,]"
"1"," -0.009283632"
"1","
 [523,]"
"1"," -0.009319945"
"1","
 [524,]"
"1"," -0.009306635"
"1","
 [525,]"
"1"," -0.009347475"
"1","
 [526,]"
"1"," -0.009338301"
"1","
 [527,]"
"1"," -0.009315223"
"1","
 [528,]"
"1"," -0.009273131"
"1","
 [529,]"
"1"," -0.009304213"
"1","
 [530,]"
"1"," -0.009290655"
"1","
 [531,]"
"1"," -0.009258526"
"1","
 [532,]"
"1"," -0.009257948"
"1","
 [533,]"
"1"," -0.009299931"
"1","
 [534,]"
"1"," -0.009287899"
"1","
 [535,]"
"1"," -0.009255813"
"1","
 [536,]"
"1"," -0.009285254"
"1","
 [537,]"
"1"," -0.009267318"
"1","
 [538,]"
"1"," -0.009265585"
"1","
 [539,]"
"1"," -0.009290707"
"1","
 [540,]"
"1"," -0.009238419"
"1","
 [541,]"
"1"," -0.009259394"
"1","
 [542,]"
"1"," -0.009293572"
"1","
 [543,]"
"1"," -0.009275047"
"1","
 [544,]"
"1"," -0.009281344"
"1","
 [545,]"
"1"," -0.009234715"
"1","
 [546,]"
"1"," -0.009250847"
"1","
 [547,]"
"1"," -0.009232384"
"1","
 [548,]"
"1"," -0.009275043"
"1","
 [549,]"
"1"," -0.009262564"
"1","
 [550,]"
"1"," -0.009276153"
"1","
 [551,]"
"1"," -0.009286725"
"1","
 [552,]"
"1"," -0.009272997"
"1","
 [553,]"
"1"," -0.009269417"
"1","
 [554,]"
"1"," -0.009295756"
"1","
 [555,]"
"1"," -0.009283672"
"1","
 [556,]"
"1"," -0.009298438"
"1","
 [557,]"
"1"," -0.009281785"
"1","
 [558,]"
"1"," -0.009267622"
"1","
 [559,]"
"1"," -0.009254175"
"1","
 [560,]"
"1"," -0.009253923"
"1","
 [561,]"
"1"," -0.009282204"
"1","
 [562,]"
"1"," -0.009260632"
"1","
 [563,]"
"1"," -0.009276172"
"1","
 [564,]"
"1"," -0.009303450"
"1","
 [565,]"
"1"," -0.009297964"
"1","
 [566,]"
"1"," -0.009334469"
"1","
 [567,]"
"1"," -0.009311870"
"1","
 [568,]"
"1"," -0.009315598"
"1","
 [569,]"
"1"," -0.009354842"
"1","
 [570,]"
"1"," -0.009325772"
"1","
 [571,]"
"1"," -0.009341388"
"1","
 [572,]"
"1"," -0.009323703"
"1","
 [573,]"
"1"," -0.009296133"
"1","
 [574,]"
"1"," -0.009327972"
"1","
 [575,]"
"1"," -0.009316716"
"1","
 [576,]"
"1"," -0.009264773"
"1","
 [577,]"
"1"," -0.009280893"
"1","
 [578,]"
"1"," -0.009281595"
"1","
 [579,]"
"1"," -0.009258577"
"1","
 [580,]"
"1"," -0.009296093"
"1","
 [581,]"
"1"," -0.009275862"
"1","
 [582,]"
"1"," -0.009276259"
"1","
 [583,]"
"1"," -0.009239641"
"1","
 [584,]"
"1"," -0.009279951"
"1","
 [585,]"
"1"," -0.009268500"
"1","
 [586,]"
"1"," -0.009278002"
"1","
 [587,]"
"1"," -0.009263355"
"1","
 [588,]"
"1"," -0.009269657"
"1","
 [589,]"
"1"," -0.009282616"
"1","
 [590,]"
"1"," -0.009268370"
"1","
 [591,]"
"1"," -0.009264530"
"1","
 [592,]"
"1"," -0.009283018"
"1","
 [593,]"
"1"," -0.009282556"
"1","
 [594,]"
"1"," -0.009319875"
"1","
 [595,]"
"1"," -0.009305588"
"1","
 [596,]"
"1"," -0.009308567"
"1","
 [597,]"
"1"," -0.009288555"
"1","
 [598,]"
"1"," -0.009286157"
"1","
 [599,]"
"1"," -0.009321540"
"1","
 [600,]"
"1"," -0.009304482"
"1","
 [601,]"
"1"," -0.009339690"
"1","
 [602,]"
"1"," -0.009317497"
"1","
 [603,]"
"1"," -0.009288534"
"1","
 [604,]"
"1"," -0.009321750"
"1","
 [605,]"
"1"," -0.009308415"
"1","
 [606,]"
"1"," -0.009287552"
"1","
 [607,]"
"1"," -0.009319264"
"1","
 [608,]"
"1"," -0.009307917"
"1","
 [609,]"
"1"," -0.009291879"
"1","
 [610,]"
"1"," -0.009324643"
"1","
 [611,]"
"1"," -0.009305502"
"1","
 [612,]"
"1"," -0.009307164"
"1","
 [613,]"
"1"," -0.009325730"
"1","
 [614,]"
"1"," -0.009309001"
"1","
 [615,]"
"1"," -0.009301029"
"1","
 [616,]"
"1"," -0.009329404"
"1","
 [617,]"
"1"," -0.009312337"
"1","
 [618,]"
"1"," -0.009303885"
"1","
 [619,]"
"1"," -0.009326812"
"1","
 [620,]"
"1"," -0.009305566"
"1","
 [621,]"
"1"," -0.009304187"
"1","
 [622,]"
"1"," -0.009306448"
"1","
 [623,]"
"1"," -0.009287913"
"1","
 [624,]"
"1"," -0.009323616"
"1","
 [625,]"
"1"," -0.009354988"
"1","
 [626,]"
"1"," -0.009340821"
"1","
 [627,]"
"1"," -0.009324379"
"1","
 [628,]"
"1"," -0.009360793"
"1","
 [629,]"
"1"," -0.009338848"
"1","
 [630,]"
"1"," -0.009324495"
"1","
 [631,]"
"1"," -0.009354770"
"1","
 [632,]"
"1"," -0.009264570"
"1","
 [633,]"
"1"," -0.009370901"
"1","
 [634,]"
"1"," -0.009370084"
"1","
 [635,]"
"1"," -0.009343627"
"1","
 [636,]"
"1"," -0.009372663"
"1","
 [637,]"
"1"," -0.009351580"
"1","
 [638,]"
"1"," -0.009338457"
"1","
 [639,]"
"1"," -0.009375620"
"1","
 [640,]"
"1"," -0.009360793"
"1","
 [641,]"
"1"," -0.009360667"
"1","
 [642,]"
"1"," -0.009408544"
"1","
 [643,]"
"1"," -0.009387514"
"1","
 [644,]"
"1"," -0.009362911"
"1","
 [645,]"
"1"," -0.009399919"
"1","
 [646,]"
"1"," -0.009366893"
"1","
 [647,]"
"1"," -0.009344395"
"1","
 [648,]"
"1"," -0.009349190"
"1","
 [649,]"
"1"," -0.009362751"
"1","
 [650,]"
"1"," -0.009356119"
"1","
 [651,]"
"1"," -0.009394105"
"1","
 [652,]"
"1"," -0.009376304"
"1","
 [653,]"
"1"," -0.009349556"
"1","
 [654,]"
"1"," -0.009408407"
"1","
 [655,]"
"1"," -0.009385073"
"1","
 [656,]"
"1"," -0.009366573"
"1","
 [657,]"
"1"," -0.009385861"
"1","
 [658,]"
"1"," -0.009381571"
"1","
 [659,]"
"1"," -0.009378813"
"1","
 [660,]"
"1"," -0.009361202"
"1","
 [661,]"
"1"," -0.009336712"
"1","
 [662,]"
"1"," -0.009348992"
"1","
 [663,]"
"1"," -0.009351470"
"1","
 [664,]"
"1"," -0.009391771"
"1","
 [665,]"
"1"," -0.009358897"
"1","
 [666,]"
"1"," -0.009359232"
"1","
 [667,]"
"1"," -0.009358945"
"1","
 [668,]"
"1"," -0.009390503"
"1","
 [669,]"
"1"," -0.009358959"
"1","
 [670,]"
"1"," -0.009355514"
"1","
 [671,]"
"1"," -0.009359022"
"1","
 [672,]"
"1"," -0.009395157"
"1","
 [673,]"
"1"," -0.009360302"
"1","
 [674,]"
"1"," -0.009365312"
"1","
 [675,]"
"1"," -0.009364564"
"1","
 [676,]"
"1"," -0.009442534"
"1","
 [677,]"
"1"," -0.009407103"
"1","
 [678,]"
"1"," -0.009405568"
"1","
 [679,]"
"1"," -0.009435334"
"1","
 [680,]"
"1"," -0.009483039"
"1","
 [681,]"
"1"," -0.009464434"
"1","
 [682,]"
"1"," -0.009442992"
"1","
 [683,]"
"1"," -0.009398171"
"1","
 [684,]"
"1"," -0.009442071"
"1","
 [685,]"
"1"," -0.009424613"
"1","
 [686,]"
"1"," -0.009410507"
"1","
 [687,]"
"1"," -0.009453170"
"1","
 [688,]"
"1"," -0.009436617"
"1","
 [689,]"
"1"," -0.009426448"
"1","
 [690,]"
"1"," -0.009402361"
"1","
 [691,]"
"1"," -0.009458705"
"1","
 [692,]"
"1"," -0.009430790"
"1","
 [693,]"
"1"," -0.009403234"
"1","
 [694,]"
"1"," -0.009434748"
"1","
 [695,]"
"1"," -0.009410440"
"1","
 [696,]"
"1"," -0.009426874"
"1","
 [697,]"
"1"," -0.009412461"
"1","
 [698,]"
"1"," -0.009390870"
"1","
 [699,]"
"1"," -0.009442821"
"1","
 [700,]"
"1"," -0.009422513"
"1","
 [701,]"
"1"," -0.009402846"
"1","
 [702,]"
"1"," -0.009387281"
"1","
 [703,]"
"1"," -0.009362579"
"1","
 [704,]"
"1"," -0.009437993"
"1","
 [705,]"
"1"," -0.009486197"
"1","
 [706,]"
"1"," -0.009443449"
"1","
 [707,]"
"1"," -0.009453128"
"1","
 [708,]"
"1"," -0.009474239"
"1","
 [709,]"
"1"," -0.009455377"
"1","
 [710,]"
"1"," -0.009458940"
"1","
 [711,]"
"1"," -0.009481152"
"1","
 [712,]"
"1"," -0.009460837"
"1","
 [713,]"
"1"," -0.009467300"
"1","
 [714,]"
"1"," -0.009488245"
"1","
 [715,]"
"1"," -0.009508499"
"1","
 [716,]"
"1"," -0.009448071"
"1","
 [717,]"
"1"," -0.009512014"
"1","
 [718,]"
"1"," -0.009485944"
"1","
 [719,]"
"1"," -0.009447029"
"1","
 [720,]"
"1"," -0.009490969"
"1","
 [721,]"
"1"," -0.009467139"
"1","
 [722,]"
"1"," -0.009444096"
"1","
 [723,]"
"1"," -0.009481748"
"1","
 [724,]"
"1"," -0.009466859"
"1","
 [725,]"
"1"," -0.009437297"
"1","
 [726,]"
"1"," -0.009475134"
"1","
 [727,]"
"1"," -0.009458174"
"1","
 [728,]"
"1"," -0.009457605"
"1","
 [729,]"
"1"," -0.009466511"
"1","
 [730,]"
"1"," -0.009440938"
"1","
 [731,]"
"1"," -0.009445176"
"1","
 [732,]"
"1"," -0.009444869"
"1","
 [733,]"
"1"," -0.009466449"
"1","
 [734,]"
"1"," -0.009447619"
"1","
 [735,]"
"1"," -0.009443828"
"1","
 [736,]"
"1"," -0.009462794"
"1","
 [737,]"
"1"," -0.009439154"
"1","
 [738,]"
"1"," -0.009440712"
"1","
 [739,]"
"1"," -0.009459949"
"1","
 [740,]"
"1"," -0.009438969"
"1","
 [741,]"
"1"," -0.009451750"
"1","
 [742,]"
"1"," -0.009491665"
"1","
 [743,]"
"1"," -0.009467513"
"1","
 [744,]"
"1"," -0.009450973"
"1","
 [745,]"
"1"," -0.009498153"
"1","
 [746,]"
"1"," -0.009473842"
"1","
 [747,]"
"1"," -0.009449069"
"1","
 [748,]"
"1"," -0.009464979"
"1","
 [749,]"
"1"," -0.009447527"
"1","
 [750,]"
"1"," -0.009443402"
"1","
 [751,]"
"1"," -0.009465418"
"1","
 [752,]"
"1"," -0.009445776"
"1","
 [753,]"
"1"," -0.009443637"
"1","
 [754,]"
"1"," -0.009444289"
"1","
 [755,]"
"1"," -0.009448656"
"1","
 [756,]"
"1"," -0.009417804"
"1","
 [757,]"
"1"," -0.009455924"
"1","
 [758,]"
"1"," -0.009450701"
"1","
 [759,]"
"1"," -0.009408134"
"1","
 [760,]"
"1"," -0.009456372"
"1","
 [761,]"
"1"," -0.009435311"
"1","
 [762,]"
"1"," -0.009396411"
"1","
 [763,]"
"1"," -0.009428344"
"1","
 [764,]"
"1"," -0.009405484"
"1","
 [765,]"
"1"," -0.009403347"
"1","
 [766,]"
"1"," -0.009416009"
"1","
 [767,]"
"1"," -0.009396859"
"1","
 [768,]"
"1"," -0.009376131"
"1","
 [769,]"
"1"," -0.009356078"
"1","
 [770,]"
"1"," -0.009356211"
"1","
 [771,]"
"1"," -0.009392112"
"1","
 [772,]"
"1"," -0.009389727"
"1","
 [773,]"
"1"," -0.009408440"
"1","
 [774,]"
"1"," -0.009388748"
"1","
 [775,]"
"1"," -0.009384780"
"1","
 [776,]"
"1"," -0.009401631"
"1","
 [777,]"
"1"," -0.009380711"
"1","
 [778,]"
"1"," -0.009376695"
"1","
 [779,]"
"1"," -0.009392479"
"1","
 [780,]"
"1"," -0.009373541"
"1","
 [781,]"
"1"," -0.009369918"
"1","
 [782,]"
"1"," -0.009381393"
"1","
 [783,]"
"1"," -0.009382082"
"1","
 [784,]"
"1"," -0.009341566"
"1","
 [785,]"
"1"," -0.009336855"
"1","
 [786,]"
"1"," -0.009369326"
"1","
 [787,]"
"1"," -0.009354724"
"1","
 [788,]"
"1"," -0.009321731"
"1","
 [789,]"
"1"," -0.009338673"
"1","
 [790,]"
"1"," -0.009339331"
"1","
 [791,]"
"1"," -0.009320516"
"1","
 [792,]"
"1"," -0.009348497"
"1","
 [793,]"
"1"," -0.009331628"
"1","
 [794,]"
"1"," -0.009308948"
"1","
 [795,]"
"1"," -0.009348592"
"1","
 [796,]"
"1"," -0.009293354"
"1","
 [797,]"
"1"," -0.009348096"
"1","
 [798,]"
"1"," -0.009328824"
"1","
 [799,]"
"1"," -0.009288121"
"1","
 [800,]"
"1"," -0.009320298"
"1","
 [801,]"
"1"," -0.009302118"
"1","
 [802,]"
"1"," -0.009277486"
"1","
 [803,]"
"1"," -0.009322002"
"1","
 [804,]"
"1"," -0.009307586"
"1","
 [805,]"
"1"," -0.009285773"
"1","
 [806,]"
"1"," -0.009319620"
"1","
 [807,]"
"1"," -0.009302839"
"1","
 [808,]"
"1"," -0.009307463"
"1","
 [809,]"
"1"," -0.009309051"
"1","
 [810,]"
"1"," -0.009308938"
"1","
 [811,]"
"1"," -0.009318430"
"1","
 [812,]"
"1"," -0.009319748"
"1","
 [813,]"
"1"," -0.009301323"
"1","
 [814,]"
"1"," -0.009281244"
"1","
 [815,]"
"1"," -0.009306536"
"1","
 [816,]"
"1"," -0.009291347"
"1","
 [817,]"
"1"," -0.009267629"
"1","
 [818,]"
"1"," -0.009306487"
"1","
 [819,]"
"1"," -0.009293004"
"1","
 [820,]"
"1"," -0.009257194"
"1","
 [821,]"
"1"," -0.009282229"
"1","
 [822,]"
"1"," -0.009264626"
"1","
 [823,]"
"1"," -0.009204226"
"1","
 [824,]"
"1"," -0.009204205"
"1","
 [825,]"
"1"," -0.009202565"
"1","
 [826,]"
"1"," -0.009202240"
"1","
 [827,]"
"1"," -0.009202860"
"1","
 [828,]"
"1"," -0.009203965"
"1","
 [829,]"
"1"," -0.009205589"
"1","
 [830,]"
"1"," -0.009203612"
"1","
 [831,]"
"1"," -0.009203974"
"1","
 [832,]"
"1"," -0.009202396"
"1","
 [833,]"
"1"," -0.009204337"
"1","
 [834,]"
"1"," -0.009205296"
"1","
 [835,]"
"1"," -0.009201105"
"1","
 [836,]"
"1"," -0.009202513"
"1","
 [837,]"
"1"," -0.009201035"
"1","
 [838,]"
"1"," -0.009199154"
"1","
 [839,]"
"1"," -0.009196381"
"1","
 [840,]"
"1"," -0.009197142"
"1","
 [841,]"
"1"," -0.009246028"
"1","
 [842,]"
"1"," -0.009231378"
"1","
 [843,]"
"1"," -0.009228350"
"1","
 [844,]"
"1"," -0.009251968"
"1","
 [845,]"
"1"," -0.009234604"
"1","
 [846,]"
"1"," -0.009217180"
"1","
 [847,]"
"1"," -0.009243045"
"1","
 [848,]"
"1"," -0.009230338"
"1","
 [849,]"
"1"," -0.009202693"
"1","
 [850,]"
"1"," -0.009227768"
"1","
 [851,]"
"1"," -0.009214849"
"1","
 [852,]"
"1"," -0.009197449"
"1","
 [853,]"
"1"," -0.009225008"
"1","
 [854,]"
"1"," -0.009209426"
"1","
 [855,]"
"1"," -0.009188278"
"1","
 [856,]"
"1"," -0.009189671"
"1","
 [857,]"
"1"," -0.009174675"
"1","
 [858,]"
"1"," -0.009181137"
"1","
 [859,]"
"1"," -0.009200805"
"1","
 [860,]"
"1"," -0.009188622"
"1","
 [861,]"
"1"," -0.009182368"
"1","
 [862,]"
"1"," -0.009176651"
"1","
 [863,]"
"1"," -0.009175438"
"1","
 [864,]"
"1"," -0.009179299"
"1","
 [865,]"
"1"," -0.009179001"
"1","
 [866,]"
"1"," -0.009168731"
"1","
 [867,]"
"1"," -0.009180177"
"1","
 [868,]"
"1"," -0.009176437"
"1","
 [869,]"
"1"," -0.009154437"
"1","
 [870,]"
"1"," -0.009168270"
"1","
 [871,]"
"1"," -0.009167186"
"1","
 [872,]"
"1"," -0.009155616"
"1","
 [873,]"
"1"," -0.009162053"
"1","
 [874,]"
"1"," -0.009165120"
"1","
 [875,]"
"1"," -0.009152884"
"1","
 [876,]"
"1"," -0.009174885"
"1","
 [877,]"
"1"," -0.009153144"
"1","
 [878,]"
"1"," -0.009151800"
"1","
 [879,]"
"1"," -0.009162510"
"1","
 [880,]"
"1"," -0.009161812"
"1","
 [881,]"
"1"," -0.009138437"
"1","
 [882,]"
"1"," -0.009134955"
"1","
 [883,]"
"1"," -0.009158273"
"1","
 [884,]"
"1"," -0.009151038"
"1","
 [885,]"
"1"," -0.009122930"
"1","
 [886,]"
"1"," -0.009138265"
"1","
 [887,]"
"1"," -0.009126850"
"1","
 [888,]"
"1"," -0.009107490"
"1","
 [889,]"
"1"," -0.009127745"
"1","
 [890,]"
"1"," -0.009106970"
"1","
 [891,]"
"1"," -0.009099685"
"1","
 [892,]"
"1"," -0.009102090"
"1","
 [893,]"
"1"," -0.009100836"
"1","
 [894,]"
"1"," -0.009088959"
"1","
 [895,]"
"1"," -0.009078648"
"1","
 [896,]"
"1"," -0.009092539"
"1","
 [897,]"
"1"," -0.009091755"
"1","
 [898,]"
"1"," -0.009090695"
"1","
 [899,]"
"1"," -0.009100090"
"1","
 [900,]"
"1"," -0.009081971"
"1","
 [901,]"
"1"," -0.009093705"
"1","
 [902,]"
"1"," -0.009082483"
"1","
 [903,]"
"1"," -0.009063057"
"1","
 [904,]"
"1"," -0.009072924"
"1","
 [905,]"
"1"," -0.009065367"
"1","
 [906,]"
"1"," -0.009044332"
"1","
 [907,]"
"1"," -0.009057210"
"1","
 [908,]"
"1"," -0.009048653"
"1","
 [909,]"
"1"," -0.009022673"
"1","
 [910,]"
"1"," -0.009040456"
"1","
 [911,]"
"1"," -0.009022226"
"1","
 [912,]"
"1"," -0.009004406"
"1","
 [913,]"
"1"," -0.009014994"
"1","
 [914,]"
"1"," -0.009009569"
"1","
 [915,]"
"1"," -0.009004271"
"1","
 [916,]"
"1"," -0.009013350"
"1","
 [917,]"
"1"," -0.009007189"
"1","
 [918,]"
"1"," -0.008994199"
"1","
 [919,]"
"1"," -0.009000900"
"1","
 [920,]"
"1"," -0.008992930"
"1","
 [921,]"
"1"," -0.008975964"
"1","
 [922,]"
"1"," -0.008975621"
"1","
 [923,]"
"1"," -0.008982202"
"1","
 [924,]"
"1"," -0.008968933"
"1","
 [925,]"
"1"," -0.008988813"
"1","
 [926,]"
"1"," -0.008986566"
"1","
 [927,]"
"1"," -0.008983347"
"1","
 [928,]"
"1"," -0.008967331"
"1","
 [929,]"
"1"," -0.008974582"
"1","
 [930,]"
"1"," -0.008969127"
"1","
 [931,]"
"1"," -0.008966805"
"1","
 [932,]"
"1"," -0.008954734"
"1","
 [933,]"
"1"," -0.008950738"
"1","
 [934,]"
"1"," -0.008962960"
"1","
 [935,]"
"1"," -0.008958768"
"1","
 [936,]"
"1"," -0.008952509"
"1","
 [937,]"
"1"," -0.008950605"
"1","
 [938,]"
"1"," -0.008947063"
"1","
 [939,]"
"1"," -0.008943703"
"1","
 [940,]"
"1"," -0.008940744"
"1","
 [941,]"
"1"," -0.008931297"
"1","
 [942,]"
"1"," -0.008925303"
"1","
 [943,]"
"1"," -0.008923958"
"1","
 [944,]"
"1"," -0.008918978"
"1","
 [945,]"
"1"," -0.008910828"
"1","
 [946,]"
"1"," -0.008916610"
"1","
 [947,]"
"1"," -0.008908737"
"1","
 [948,]"
"1"," -0.008899013"
"1","
 [949,]"
"1"," -0.008897841"
"1","
 [950,]"
"1"," -0.008904548"
"1","
 [951,]"
"1"," -0.008901306"
"1","
 [952,]"
"1"," -0.008901626"
"1","
 [953,]"
"1"," -0.008906380"
"1","
 [954,]"
"1"," -0.008899057"
"1","
 [955,]"
"1"," -0.008891400"
"1","
 [956,]"
"1"," -0.008896276"
"1","
 [957,]"
"1"," -0.008887386"
"1","
 [958,]"
"1"," -0.008884277"
"1","
 [959,]"
"1"," -0.008883469"
"1","
 [960,]"
"1"," -0.008884052"
"1","
 [961,]"
"1"," -0.008873238"
"1","
 [962,]"
"1"," -0.008871331"
"1","
 [963,]"
"1"," -0.008871940"
"1","
 [964,]"
"1"," -0.008862607"
"1","
 [965,]"
"1"," -0.008870942"
"1","
 [966,]"
"1"," -0.008863130"
"1","
 [967,]"
"1"," -0.008859477"
"1","
 [968,]"
"1"," -0.008865460"
"1","
 [969,]"
"1"," -0.008864326"
"1","
 [970,]"
"1"," -0.008864250"
"1","
 [971,]"
"1"," -0.008865810"
"1","
 [972,]"
"1"," -0.008866032"
"1","
 [973,]"
"1"," -0.008859950"
"1","
 [974,]"
"1"," -0.008891595"
"1","
 [975,]"
"1"," -0.008864743"
"1","
 [976,]"
"1"," -0.008850971"
"1","
 [977,]"
"1"," -0.008850941"
"1","
 [978,]"
"1"," -0.008851857"
"1","
 [979,]"
"1"," -0.008840180"
"1","
 [980,]"
"1"," -0.008837266"
"1","
 [981,]"
"1"," -0.008840104"
"1","
 [982,]"
"1"," -0.008828156"
"1","
 [983,]"
"1"," -0.008824315"
"1","
 [984,]"
"1"," -0.008823026"
"1","
 [985,]"
"1"," -0.008819152"
"1","
 [986,]"
"1"," -0.008815197"
"1","
 [987,]"
"1"," -0.008814040"
"1","
 [988,]"
"1"," -0.008810884"
"1","
 [989,]"
"1"," -0.008807532"
"1","
 [990,]"
"1"," -0.008808886"
"1","
 [991,]"
"1"," -0.008806282"
"1","
 [992,]"
"1"," -0.008805047"
"1","
 [993,]"
"1"," -0.008806193"
"1","
 [994,]"
"1"," -0.008806077"
"1","
 [995,]"
"1"," -0.008804736"
"1","
 [996,]"
"1"," -0.008802096"
"1","
 [997,]"
"1"," -0.008808648"
"1","
 [998,]"
"1"," -0.008807360"
"1","
 [999,]"
"1"," -0.008803413"
"1","
[1000,]"
"1"," -0.008804673"
"1","
"
"1"," [ reached getOption(""max.print"") -- omitted 3156 rows ]
"
"1","
"
"1","$residuals
"
"1","       "
"1","          [,1]"
"1","
   [1,]"
"1"," -1.541995e-02"
"1","
   [2,]"
"1"," -1.888866e-02"
"1","
   [3,]"
"1"," -1.622461e-02"
"1","
   [4,]"
"1"," -8.263635e-03"
"1","
   [5,]"
"1"," -2.575196e-02"
"1","
   [6,]"
"1"," -2.038742e-02"
"1","
   [7,]"
"1"," -6.438290e-03"
"1","
   [8,]"
"1"," -1.299389e-02"
"1","
   [9,]"
"1"," -2.164755e-02"
"1","
  [10,]"
"1"," -2.247870e-02"
"1","
  [11,]"
"1"," -2.179236e-02"
"1","
  [12,]"
"1"," -5.662772e-03"
"1","
  [13,]"
"1"," -1.433826e-02"
"1","
  [14,]"
"1"," -8.232652e-03"
"1","
  [15,]"
"1"," -1.146766e-02"
"1","
  [16,]"
"1"," -3.225644e-03"
"1","
  [17,]"
"1"," -2.801097e-03"
"1","
  [18,]"
"1"," -1.063352e-02"
"1","
  [19,]"
"1"," -1.300285e-02"
"1","
  [20,]"
"1"," -1.185590e-02"
"1","
  [21,]"
"1","  2.694592e-03"
"1","
  [22,]"
"1"," -6.160023e-03"
"1","
  [23,]"
"1"," -1.123067e-02"
"1","
  [24,]"
"1"," -1.260926e-02"
"1","
  [25,]"
"1"," -8.302466e-03"
"1","
  [26,]"
"1"," -1.289991e-02"
"1","
  [27,]"
"1"," -1.236128e-03"
"1","
  [28,]"
"1","  4.437570e-03"
"1","
  [29,]"
"1","  4.515191e-03"
"1","
  [30,]"
"1","  1.754867e-02"
"1","
  [31,]"
"1","  2.051846e-02"
"1","
  [32,]"
"1","  1.219278e-02"
"1","
  [33,]"
"1","  8.584621e-03"
"1","
  [34,]"
"1","  1.463132e-02"
"1","
  [35,]"
"1","  1.303552e-02"
"1","
  [36,]"
"1","  1.571221e-02"
"1","
  [37,]"
"1","  1.249465e-02"
"1","
  [38,]"
"1","  1.556171e-02"
"1","
  [39,]"
"1","  1.182077e-02"
"1","
  [40,]"
"1"," -8.337532e-05"
"1","
  [41,]"
"1"," -1.219110e-03"
"1","
  [42,]"
"1"," -1.472875e-02"
"1","
  [43,]"
"1"," -1.375067e-02"
"1","
  [44,]"
"1"," -2.360854e-02"
"1","
  [45,]"
"1"," -2.648281e-02"
"1","
  [46,]"
"1"," -3.835067e-02"
"1","
  [47,]"
"1"," -4.388124e-02"
"1","
  [48,]"
"1"," -3.694717e-02"
"1","
  [49,]"
"1"," -4.571419e-02"
"1","
  [50,]"
"1"," -5.198220e-02"
"1","
  [51,]"
"1"," -5.280321e-02"
"1","
  [52,]"
"1"," -6.032754e-02"
"1","
  [53,]"
"1"," -6.369870e-02"
"1","
  [54,]"
"1"," -4.706200e-02"
"1","
  [55,]"
"1"," -2.992920e-02"
"1","
  [56,]"
"1"," -2.392207e-02"
"1","
  [57,]"
"1","  2.671714e-03"
"1","
  [58,]"
"1"," -6.192317e-03"
"1","
  [59,]"
"1"," -6.079483e-03"
"1","
  [60,]"
"1","  6.151518e-03"
"1","
  [61,]"
"1","  1.243027e-02"
"1","
  [62,]"
"1","  2.286393e-02"
"1","
  [63,]"
"1","  2.477606e-02"
"1","
  [64,]"
"1","  2.288492e-02"
"1","
  [65,]"
"1","  2.452848e-02"
"1","
  [66,]"
"1","  1.379982e-02"
"1","
  [67,]"
"1","  2.584154e-02"
"1","
  [68,]"
"1","  2.163989e-02"
"1","
  [69,]"
"1","  1.917277e-02"
"1","
  [70,]"
"1","  1.127429e-03"
"1","
  [71,]"
"1"," -5.243392e-03"
"1","
  [72,]"
"1","  2.958678e-03"
"1","
  [73,]"
"1","  3.990196e-03"
"1","
  [74,]"
"1","  6.926998e-03"
"1","
  [75,]"
"1","  9.918457e-03"
"1","
  [76,]"
"1"," -1.477811e-04"
"1","
  [77,]"
"1","  4.330158e-03"
"1","
  [78,]"
"1","  2.089368e-02"
"1","
  [79,]"
"1","  2.069543e-02"
"1","
  [80,]"
"1","  1.364950e-02"
"1","
  [81,]"
"1","  1.866514e-03"
"1","
  [82,]"
"1"," -1.811400e-03"
"1","
  [83,]"
"1","  1.367223e-03"
"1","
  [84,]"
"1","  8.000774e-03"
"1","
  [85,]"
"1"," -2.066755e-03"
"1","
  [86,]"
"1"," -1.306817e-03"
"1","
  [87,]"
"1","  1.208370e-02"
"1","
  [88,]"
"1","  1.022310e-02"
"1","
  [89,]"
"1","  3.767928e-03"
"1","
  [90,]"
"1"," -1.100190e-02"
"1","
  [91,]"
"1"," -1.406680e-02"
"1","
  [92,]"
"1"," -2.259318e-02"
"1","
  [93,]"
"1"," -1.418141e-02"
"1","
  [94,]"
"1"," -2.639388e-02"
"1","
  [95,]"
"1"," -1.020907e-02"
"1","
  [96,]"
"1"," -2.219693e-02"
"1","
  [97,]"
"1"," -4.222707e-02"
"1","
  [98,]"
"1"," -5.370434e-02"
"1","
  [99,]"
"1"," -6.040933e-02"
"1","
 [100,]"
"1"," -5.930577e-02"
"1","
 [101,]"
"1"," -6.525789e-02"
"1","
 [102,]"
"1"," -4.926970e-02"
"1","
 [103,]"
"1"," -2.487919e-02"
"1","
 [104,]"
"1"," -1.148323e-02"
"1","
 [105,]"
"1"," -2.726969e-03"
"1","
 [106,]"
"1","  4.272533e-03"
"1","
 [107,]"
"1","  2.241166e-02"
"1","
 [108,]"
"1","  8.869891e-03"
"1","
 [109,]"
"1","  7.560632e-04"
"1","
 [110,]"
"1","  1.508695e-02"
"1","
 [111,]"
"1","  5.074215e-02"
"1","
 [112,]"
"1","  5.317396e-02"
"1","
 [113,]"
"1","  3.730716e-02"
"1","
 [114,]"
"1","  3.508332e-02"
"1","
 [115,]"
"1","  3.446908e-02"
"1","
 [116,]"
"1","  3.678553e-02"
"1","
 [117,]"
"1"," -5.728924e-03"
"1","
 [118,]"
"1"," -1.026674e-02"
"1","
 [119,]"
"1","  2.504046e-03"
"1","
 [120,]"
"1"," -5.003527e-03"
"1","
 [121,]"
"1","  1.274397e-03"
"1","
 [122,]"
"1"," -4.292902e-03"
"1","
 [123,]"
"1"," -3.102987e-03"
"1","
 [124,]"
"1"," -1.184908e-02"
"1","
 [125,]"
"1"," -3.175911e-04"
"1","
 [126,]"
"1"," -8.198150e-03"
"1","
 [127,]"
"1"," -9.390583e-03"
"1","
 [128,]"
"1"," -1.120884e-02"
"1","
 [129,]"
"1"," -2.972319e-02"
"1","
 [130,]"
"1"," -2.668539e-02"
"1","
 [131,]"
"1"," -1.828495e-02"
"1","
 [132,]"
"1"," -7.744466e-03"
"1","
 [133,]"
"1"," -6.613074e-03"
"1","
 [134,]"
"1","  3.098896e-03"
"1","
 [135,]"
"1","  1.945948e-02"
"1","
 [136,]"
"1","  1.563843e-02"
"1","
 [137,]"
"1","  2.464507e-02"
"1","
 [138,]"
"1","  2.110477e-02"
"1","
 [139,]"
"1","  3.730857e-02"
"1","
 [140,]"
"1","  4.150200e-02"
"1","
 [141,]"
"1","  4.682515e-02"
"1","
 [142,]"
"1","  4.697361e-02"
"1","
 [143,]"
"1","  5.803167e-02"
"1","
 [144,]"
"1","  6.402449e-02"
"1","
 [145,]"
"1","  6.189203e-02"
"1","
 [146,]"
"1","  5.852860e-02"
"1","
 [147,]"
"1","  4.157437e-02"
"1","
 [148,]"
"1","  5.647637e-02"
"1","
 [149,]"
"1","  4.224040e-02"
"1","
 [150,]"
"1","  3.735583e-02"
"1","
 [151,]"
"1","  2.765445e-02"
"1","
 [152,]"
"1","  1.060580e-02"
"1","
 [153,]"
"1","  8.530035e-03"
"1","
 [154,]"
"1","  4.572700e-03"
"1","
 [155,]"
"1","  3.691602e-04"
"1","
 [156,]"
"1"," -4.681061e-03"
"1","
 [157,]"
"1"," -6.490757e-03"
"1","
 [158,]"
"1"," -1.664545e-02"
"1","
 [159,]"
"1"," -1.150162e-02"
"1","
 [160,]"
"1"," -1.000178e-02"
"1","
 [161,]"
"1"," -2.671372e-02"
"1","
 [162,]"
"1"," -2.340505e-02"
"1","
 [163,]"
"1"," -7.698578e-03"
"1","
 [164,]"
"1"," -1.020810e-02"
"1","
 [165,]"
"1"," -9.909176e-03"
"1","
 [166,]"
"1"," -2.290928e-03"
"1","
 [167,]"
"1"," -4.338539e-03"
"1","
 [168,]"
"1"," -2.584010e-03"
"1","
 [169,]"
"1"," -1.359752e-03"
"1","
 [170,]"
"1"," -7.517164e-04"
"1","
 [171,]"
"1"," -3.623458e-03"
"1","
 [172,]"
"1"," -4.310822e-03"
"1","
 [173,]"
"1"," -6.684839e-03"
"1","
 [174,]"
"1","  9.265008e-03"
"1","
 [175,]"
"1","  3.652020e-03"
"1","
 [176,]"
"1","  1.400475e-02"
"1","
 [177,]"
"1","  1.488926e-02"
"1","
 [178,]"
"1","  2.614886e-02"
"1","
 [179,]"
"1","  2.700906e-02"
"1","
 [180,]"
"1","  1.645501e-02"
"1","
 [181,]"
"1","  6.633435e-03"
"1","
 [182,]"
"1","  1.018279e-03"
"1","
 [183,]"
"1"," -1.417266e-03"
"1","
 [184,]"
"1"," -1.136792e-03"
"1","
 [185,]"
"1"," -5.567092e-03"
"1","
 [186,]"
"1","  7.942046e-04"
"1","
 [187,]"
"1"," -6.599521e-04"
"1","
 [188,]"
"1"," -9.007921e-03"
"1","
 [189,]"
"1"," -1.143523e-02"
"1","
 [190,]"
"1","  6.796299e-04"
"1","
 [191,]"
"1","  2.083889e-03"
"1","
 [192,]"
"1","  4.029408e-03"
"1","
 [193,]"
"1"," -2.721913e-02"
"1","
 [194,]"
"1"," -1.844776e-02"
"1","
 [195,]"
"1"," -9.808384e-03"
"1","
 [196,]"
"1"," -8.272328e-03"
"1","
 [197,]"
"1"," -8.061522e-03"
"1","
 [198,]"
"1","  1.611788e-03"
"1","
 [199,]"
"1","  1.394399e-02"
"1","
 [200,]"
"1","  2.329658e-02"
"1","
 [201,]"
"1","  1.268877e-02"
"1","
 [202,]"
"1","  1.802577e-02"
"1","
 [203,]"
"1","  1.246783e-02"
"1","
 [204,]"
"1","  1.405939e-02"
"1","
 [205,]"
"1","  2.035970e-02"
"1","
 [206,]"
"1","  1.980430e-02"
"1","
 [207,]"
"1","  1.109534e-02"
"1","
 [208,]"
"1","  1.331872e-02"
"1","
 [209,]"
"1"," -6.940890e-03"
"1","
 [210,]"
"1","  1.791850e-03"
"1","
 [211,]"
"1"," -3.369838e-03"
"1","
 [212,]"
"1","  4.279245e-03"
"1","
 [213,]"
"1","  8.490767e-03"
"1","
 [214,]"
"1","  1.699775e-02"
"1","
 [215,]"
"1"," -3.601794e-03"
"1","
 [216,]"
"1"," -9.472704e-03"
"1","
 [217,]"
"1"," -4.312897e-03"
"1","
 [218,]"
"1","  4.881310e-03"
"1","
 [219,]"
"1"," -2.147768e-03"
"1","
 [220,]"
"1"," -8.354641e-03"
"1","
 [221,]"
"1"," -2.375824e-02"
"1","
 [222,]"
"1"," -2.492586e-02"
"1","
 [223,]"
"1"," -2.423952e-02"
"1","
 [224,]"
"1"," -3.504737e-03"
"1","
 [225,]"
"1"," -6.246010e-03"
"1","
 [226,]"
"1"," -1.484652e-02"
"1","
 [227,]"
"1"," -8.092999e-03"
"1","
 [228,]"
"1"," -1.118607e-03"
"1","
 [229,]"
"1","  2.688007e-03"
"1","
 [230,]"
"1","  6.836707e-04"
"1","
 [231,]"
"1","  3.768156e-03"
"1","
 [232,]"
"1","  3.927422e-03"
"1","
 [233,]"
"1","  1.514651e-03"
"1","
 [234,]"
"1","  2.300826e-02"
"1","
 [235,]"
"1","  3.500065e-02"
"1","
 [236,]"
"1","  3.329838e-02"
"1","
 [237,]"
"1","  1.773964e-02"
"1","
 [238,]"
"1","  2.049782e-02"
"1","
 [239,]"
"1","  2.829677e-02"
"1","
 [240,]"
"1","  3.168284e-02"
"1","
 [241,]"
"1","  1.941117e-02"
"1","
 [242,]"
"1","  1.768793e-02"
"1","
 [243,]"
"1","  1.358026e-02"
"1","
 [244,]"
"1","  1.922467e-02"
"1","
 [245,]"
"1","  2.484930e-02"
"1","
 [246,]"
"1","  1.374318e-02"
"1","
 [247,]"
"1","  2.026558e-02"
"1","
 [248,]"
"1","  1.739988e-02"
"1","
 [249,]"
"1","  2.015546e-02"
"1","
 [250,]"
"1","  4.125370e-02"
"1","
 [251,]"
"1","  3.958432e-02"
"1","
 [252,]"
"1","  2.060922e-02"
"1","
 [253,]"
"1","  2.799480e-02"
"1","
 [254,]"
"1","  2.347295e-02"
"1","
 [255,]"
"1","  2.272715e-02"
"1","
 [256,]"
"1","  3.116489e-02"
"1","
 [257,]"
"1","  2.928508e-02"
"1","
 [258,]"
"1","  2.595760e-02"
"1","
 [259,]"
"1","  3.584497e-02"
"1","
 [260,]"
"1","  4.043809e-02"
"1","
 [261,]"
"1","  3.290720e-02"
"1","
 [262,]"
"1","  4.487313e-02"
"1","
 [263,]"
"1","  3.895591e-02"
"1","
 [264,]"
"1","  2.302776e-02"
"1","
 [265,]"
"1","  2.437849e-02"
"1","
 [266,]"
"1","  1.068923e-02"
"1","
 [267,]"
"1","  2.327562e-02"
"1","
 [268,]"
"1","  3.017362e-02"
"1","
 [269,]"
"1","  2.366200e-02"
"1","
 [270,]"
"1","  2.493909e-02"
"1","
 [271,]"
"1","  3.134391e-02"
"1","
 [272,]"
"1","  2.713785e-02"
"1","
 [273,]"
"1","  4.904421e-03"
"1","
 [274,]"
"1"," -1.308436e-02"
"1","
 [275,]"
"1"," -1.170595e-03"
"1","
 [276,]"
"1"," -3.362323e-03"
"1","
 [277,]"
"1"," -7.473190e-03"
"1","
 [278,]"
"1"," -1.494783e-02"
"1","
 [279,]"
"1"," -1.476929e-02"
"1","
 [280,]"
"1"," -2.077773e-02"
"1","
 [281,]"
"1"," -1.727545e-02"
"1","
 [282,]"
"1"," -1.726400e-03"
"1","
 [283,]"
"1","  4.286500e-03"
"1","
 [284,]"
"1"," -8.345068e-03"
"1","
 [285,]"
"1"," -4.710708e-03"
"1","
 [286,]"
"1","  8.037997e-03"
"1","
 [287,]"
"1","  1.015325e-02"
"1","
 [288,]"
"1"," -2.622785e-03"
"1","
 [289,]"
"1"," -5.898138e-03"
"1","
 [290,]"
"1"," -5.465084e-03"
"1","
 [291,]"
"1"," -5.455966e-04"
"1","
 [292,]"
"1"," -1.674205e-03"
"1","
 [293,]"
"1"," -8.477573e-03"
"1","
 [294,]"
"1"," -9.716445e-03"
"1","
 [295,]"
"1"," -9.563893e-03"
"1","
 [296,]"
"1"," -1.179179e-02"
"1","
 [297,]"
"1"," -2.017927e-02"
"1","
 [298,]"
"1"," -1.103004e-02"
"1","
 [299,]"
"1"," -1.226019e-02"
"1","
 [300,]"
"1","  3.669381e-03"
"1","
 [301,]"
"1","  8.620549e-03"
"1","
 [302,]"
"1","  1.710800e-02"
"1","
 [303,]"
"1","  3.577183e-02"
"1","
 [304,]"
"1","  3.003035e-02"
"1","
 [305,]"
"1","  2.382772e-02"
"1","
 [306,]"
"1","  3.840029e-02"
"1","
 [307,]"
"1","  3.533488e-02"
"1","
 [308,]"
"1","  2.601934e-02"
"1","
 [309,]"
"1","  1.871512e-02"
"1","
 [310,]"
"1","  2.614734e-02"
"1","
 [311,]"
"1","  1.349573e-02"
"1","
 [312,]"
"1","  1.248479e-02"
"1","
 [313,]"
"1","  1.592278e-02"
"1","
 [314,]"
"1","  7.005347e-03"
"1","
 [315,]"
"1"," -6.641697e-03"
"1","
 [316,]"
"1"," -4.474725e-03"
"1","
 [317,]"
"1","  7.466859e-03"
"1","
 [318,]"
"1"," -4.099986e-03"
"1","
 [319,]"
"1"," -1.524193e-02"
"1","
 [320,]"
"1"," -1.856658e-02"
"1","
 [321,]"
"1"," -2.132817e-02"
"1","
 [322,]"
"1"," -6.454404e-03"
"1","
 [323,]"
"1"," -8.393754e-03"
"1","
 [324,]"
"1"," -7.516959e-03"
"1","
 [325,]"
"1"," -9.580022e-03"
"1","
 [326,]"
"1"," -3.953809e-03"
"1","
 [327,]"
"1","  3.344780e-03"
"1","
 [328,]"
"1","  3.002130e-03"
"1","
 [329,]"
"1","  2.548780e-03"
"1","
 [330,]"
"1","  1.149332e-02"
"1","
 [331,]"
"1","  2.005507e-02"
"1","
 [332,]"
"1","  1.317001e-02"
"1","
 [333,]"
"1","  1.061720e-02"
"1","
 [334,]"
"1","  1.003840e-02"
"1","
 [335,]"
"1","  1.286929e-02"
"1","
 [336,]"
"1","  9.471870e-03"
"1","
 [337,]"
"1","  8.771462e-03"
"1","
 [338,]"
"1","  1.595371e-02"
"1","
 [339,]"
"1","  1.684503e-02"
"1","
 [340,]"
"1","  1.907630e-02"
"1","
 [341,]"
"1","  1.327845e-02"
"1","
 [342,]"
"1","  8.161574e-03"
"1","
 [343,]"
"1"," -4.292619e-03"
"1","
 [344,]"
"1","  8.728589e-04"
"1","
 [345,]"
"1","  2.168386e-03"
"1","
 [346,]"
"1","  4.351045e-03"
"1","
 [347,]"
"1","  8.134687e-03"
"1","
 [348,]"
"1","  4.354883e-03"
"1","
 [349,]"
"1","  1.076435e-02"
"1","
 [350,]"
"1","  9.367773e-03"
"1","
 [351,]"
"1","  4.192844e-03"
"1","
 [352,]"
"1","  9.800241e-03"
"1","
 [353,]"
"1","  1.668883e-02"
"1","
 [354,]"
"1","  1.187161e-02"
"1","
 [355,]"
"1","  1.549539e-02"
"1","
 [356,]"
"1","  2.486814e-02"
"1","
 [357,]"
"1","  1.689010e-02"
"1","
 [358,]"
"1","  1.484118e-02"
"1","
 [359,]"
"1","  1.602999e-02"
"1","
 [360,]"
"1","  2.191768e-02"
"1","
 [361,]"
"1","  2.470251e-02"
"1","
 [362,]"
"1","  1.829047e-02"
"1","
 [363,]"
"1","  2.370159e-02"
"1","
 [364,]"
"1","  2.526605e-02"
"1","
 [365,]"
"1","  2.694200e-02"
"1","
 [366,]"
"1","  2.974686e-02"
"1","
 [367,]"
"1","  3.111746e-02"
"1","
 [368,]"
"1","  3.237981e-02"
"1","
 [369,]"
"1","  2.640166e-02"
"1","
 [370,]"
"1","  2.810374e-02"
"1","
 [371,]"
"1","  3.177054e-02"
"1","
 [372,]"
"1","  2.694828e-02"
"1","
 [373,]"
"1","  2.489733e-02"
"1","
 [374,]"
"1","  2.838256e-02"
"1","
 [375,]"
"1","  2.545438e-02"
"1","
 [376,]"
"1","  2.011223e-02"
"1","
 [377,]"
"1","  1.725021e-02"
"1","
 [378,]"
"1","  1.480014e-02"
"1","
 [379,]"
"1","  1.486992e-02"
"1","
 [380,]"
"1","  1.500533e-02"
"1","
 [381,]"
"1","  1.161676e-02"
"1","
 [382,]"
"1","  1.486919e-02"
"1","
 [383,]"
"1","  5.474102e-03"
"1","
 [384,]"
"1","  3.751198e-03"
"1","
 [385,]"
"1","  3.738037e-03"
"1","
 [386,]"
"1","  7.016365e-03"
"1","
 [387,]"
"1","  1.972390e-02"
"1","
 [388,]"
"1","  2.750925e-02"
"1","
 [389,]"
"1","  2.437983e-02"
"1","
 [390,]"
"1","  3.633658e-02"
"1","
 [391,]"
"1","  3.445236e-02"
"1","
 [392,]"
"1","  3.855973e-02"
"1","
 [393,]"
"1","  5.726125e-02"
"1","
 [394,]"
"1","  5.908735e-02"
"1","
 [395,]"
"1","  5.177710e-02"
"1","
 [396,]"
"1","  5.454832e-02"
"1","
 [397,]"
"1","  5.160001e-02"
"1","
 [398,]"
"1","  6.750771e-02"
"1","
 [399,]"
"1","  6.380056e-02"
"1","
 [400,]"
"1","  6.385224e-02"
"1","
 [401,]"
"1","  6.883501e-02"
"1","
 [402,]"
"1","  6.305629e-02"
"1","
 [403,]"
"1","  6.470016e-02"
"1","
 [404,]"
"1","  5.855822e-02"
"1","
 [405,]"
"1","  3.487690e-02"
"1","
 [406,]"
"1","  2.748557e-02"
"1","
 [407,]"
"1","  3.115021e-02"
"1","
 [408,]"
"1","  3.425711e-02"
"1","
 [409,]"
"1","  8.675974e-04"
"1","
 [410,]"
"1"," -6.480582e-03"
"1","
 [411,]"
"1"," -4.588704e-03"
"1","
 [412,]"
"1"," -1.225868e-02"
"1","
 [413,]"
"1"," -1.422838e-02"
"1","
 [414,]"
"1"," -2.280727e-02"
"1","
 [415,]"
"1"," -2.816626e-02"
"1","
 [416,]"
"1"," -1.814701e-02"
"1","
 [417,]"
"1"," -1.931470e-02"
"1","
 [418,]"
"1"," -3.499745e-05"
"1","
 [419,]"
"1"," -5.564688e-03"
"1","
 [420,]"
"1"," -4.599160e-03"
"1","
 [421,]"
"1","  1.275671e-02"
"1","
 [422,]"
"1","  2.366036e-02"
"1","
 [423,]"
"1","  3.036684e-02"
"1","
 [424,]"
"1","  2.774058e-02"
"1","
 [425,]"
"1","  1.771778e-02"
"1","
 [426,]"
"1","  1.046347e-02"
"1","
 [427,]"
"1","  2.857646e-02"
"1","
 [428,]"
"1","  2.596083e-02"
"1","
 [429,]"
"1","  2.866592e-02"
"1","
 [430,]"
"1","  3.291591e-02"
"1","
 [431,]"
"1","  2.629073e-02"
"1","
 [432,]"
"1","  2.127816e-02"
"1","
 [433,]"
"1","  2.313678e-02"
"1","
 [434,]"
"1","  1.260591e-02"
"1","
 [435,]"
"1","  1.007912e-02"
"1","
 [436,]"
"1","  1.419397e-02"
"1","
 [437,]"
"1","  1.517971e-02"
"1","
 [438,]"
"1","  1.409669e-02"
"1","
 [439,]"
"1","  1.722685e-02"
"1","
 [440,]"
"1","  1.462969e-02"
"1","
 [441,]"
"1","  6.173944e-03"
"1","
 [442,]"
"1","  7.527016e-03"
"1","
 [443,]"
"1","  6.510417e-03"
"1","
 [444,]"
"1","  5.168386e-03"
"1","
 [445,]"
"1","  2.172609e-03"
"1","
 [446,]"
"1","  7.570015e-03"
"1","
 [447,]"
"1","  4.131103e-03"
"1","
 [448,]"
"1","  1.808468e-02"
"1","
 [449,]"
"1","  3.375680e-02"
"1","
 [450,]"
"1","  2.545315e-02"
"1","
 [451,]"
"1","  2.284859e-02"
"1","
 [452,]"
"1","  2.645101e-02"
"1","
 [453,]"
"1","  3.204894e-02"
"1","
 [454,]"
"1","  3.477703e-02"
"1","
 [455,]"
"1","  3.113099e-02"
"1","
 [456,]"
"1","  1.806079e-02"
"1","
 [457,]"
"1","  3.686540e-03"
"1","
 [458,]"
"1","  9.408990e-03"
"1","
 [459,]"
"1","  1.739226e-02"
"1","
 [460,]"
"1","  1.491647e-02"
"1","
 [461,]"
"1","  1.752523e-02"
"1","
 [462,]"
"1","  2.883390e-03"
"1","
 [463,]"
"1","  4.438326e-03"
"1","
 [464,]"
"1","  1.126639e-02"
"1","
 [465,]"
"1","  2.223887e-02"
"1","
 [466,]"
"1","  2.392149e-02"
"1","
 [467,]"
"1","  2.903570e-02"
"1","
 [468,]"
"1","  2.916692e-02"
"1","
 [469,]"
"1","  3.960336e-02"
"1","
 [470,]"
"1","  4.526284e-02"
"1","
 [471,]"
"1","  3.221713e-02"
"1","
 [472,]"
"1","  3.423066e-02"
"1","
 [473,]"
"1","  2.937068e-02"
"1","
 [474,]"
"1","  2.619248e-02"
"1","
 [475,]"
"1","  3.273022e-02"
"1","
 [476,]"
"1","  1.608442e-02"
"1","
 [477,]"
"1","  2.153412e-02"
"1","
 [478,]"
"1","  1.858521e-02"
"1","
 [479,]"
"1","  1.252978e-02"
"1","
 [480,]"
"1","  2.781888e-02"
"1","
 [481,]"
"1","  3.277678e-02"
"1","
 [482,]"
"1","  2.962714e-02"
"1","
 [483,]"
"1","  4.006335e-02"
"1","
 [484,]"
"1","  3.172390e-02"
"1","
 [485,]"
"1","  3.013218e-02"
"1","
 [486,]"
"1","  2.765065e-02"
"1","
 [487,]"
"1","  2.591881e-02"
"1","
 [488,]"
"1","  2.074159e-02"
"1","
 [489,]"
"1","  2.128250e-02"
"1","
 [490,]"
"1","  1.507834e-02"
"1","
 [491,]"
"1","  7.614791e-05"
"1","
 [492,]"
"1","  4.689380e-04"
"1","
 [493,]"
"1"," -1.441037e-02"
"1","
 [494,]"
"1"," -1.881332e-02"
"1","
 [495,]"
"1"," -2.604902e-02"
"1","
 [496,]"
"1"," -3.234398e-02"
"1","
 [497,]"
"1"," -3.621707e-02"
"1","
 [498,]"
"1"," -4.100162e-02"
"1","
 [499,]"
"1"," -3.669735e-02"
"1","
 [500,]"
"1"," -3.075960e-02"
"1","
 [501,]"
"1"," -3.276290e-02"
"1","
 [502,]"
"1"," -1.559579e-02"
"1","
 [503,]"
"1"," -1.213902e-02"
"1","
 [504,]"
"1"," -8.441452e-03"
"1","
 [505,]"
"1"," -5.874139e-03"
"1","
 [506,]"
"1","  2.165826e-03"
"1","
 [507,]"
"1","  6.904342e-03"
"1","
 [508,]"
"1"," -2.287299e-03"
"1","
 [509,]"
"1"," -1.009391e-02"
"1","
 [510,]"
"1"," -9.419889e-03"
"1","
 [511,]"
"1"," -6.003598e-03"
"1","
 [512,]"
"1"," -1.231861e-02"
"1","
 [513,]"
"1"," -7.915506e-03"
"1","
 [514,]"
"1"," -1.258247e-03"
"1","
 [515,]"
"1","  4.712773e-04"
"1","
 [516,]"
"1","  8.633493e-03"
"1","
 [517,]"
"1","  4.430980e-03"
"1","
 [518,]"
"1"," -5.201070e-04"
"1","
 [519,]"
"1","  8.991318e-03"
"1","
 [520,]"
"1","  4.921088e-03"
"1","
 [521,]"
"1"," -3.824877e-03"
"1","
 [522,]"
"1"," -2.147535e-02"
"1","
 [523,]"
"1"," -9.139597e-03"
"1","
 [524,]"
"1"," -1.280640e-02"
"1","
 [525,]"
"1","  3.393380e-03"
"1","
 [526,]"
"1","  1.010256e-02"
"1","
 [527,]"
"1","  1.192919e-02"
"1","
 [528,]"
"1","  8.889180e-03"
"1","
 [529,]"
"1","  2.171340e-02"
"1","
 [530,]"
"1","  2.098411e-02"
"1","
 [531,]"
"1","  1.884190e-02"
"1","
 [532,]"
"1","  1.896936e-02"
"1","
 [533,]"
"1","  3.002525e-02"
"1","
 [534,]"
"1","  3.212009e-02"
"1","
 [535,]"
"1","  3.610775e-02"
"1","
 [536,]"
"1","  3.945135e-02"
"1","
 [537,]"
"1","  3.603575e-02"
"1","
 [538,]"
"1","  3.677358e-02"
"1","
 [539,]"
"1","  4.156168e-02"
"1","
 [540,]"
"1","  3.490968e-02"
"1","
 [541,]"
"1","  5.385307e-02"
"1","
 [542,]"
"1","  4.441877e-02"
"1","
 [543,]"
"1","  3.975348e-02"
"1","
 [544,]"
"1","  4.124938e-02"
"1","
 [545,]"
"1","  4.595840e-02"
"1","
 [546,]"
"1","  3.259003e-02"
"1","
 [547,]"
"1","  3.002918e-02"
"1","
 [548,]"
"1","  4.215220e-02"
"1","
 [549,]"
"1","  3.769558e-02"
"1","
 [550,]"
"1","  3.388899e-02"
"1","
 [551,]"
"1","  4.499555e-02"
"1","
 [552,]"
"1","  4.786358e-02"
"1","
 [553,]"
"1","  4.295100e-02"
"1","
 [554,]"
"1","  3.737562e-02"
"1","
 [555,]"
"1","  2.347389e-02"
"1","
 [556,]"
"1","  2.879353e-02"
"1","
 [557,]"
"1","  2.310815e-02"
"1","
 [558,]"
"1","  1.601988e-02"
"1","
 [559,]"
"1","  2.025432e-02"
"1","
 [560,]"
"1","  2.669042e-02"
"1","
 [561,]"
"1","  3.339437e-02"
"1","
 [562,]"
"1","  3.166807e-02"
"1","
 [563,]"
"1","  4.462905e-03"
"1","
 [564,]"
"1"," -1.225205e-03"
"1","
 [565,]"
"1"," -1.199622e-02"
"1","
 [566,]"
"1"," -4.503602e-02"
"1","
 [567,]"
"1"," -4.379741e-02"
"1","
 [568,]"
"1"," -2.778846e-02"
"1","
 [569,]"
"1"," -1.924990e-02"
"1","
 [570,]"
"1"," -2.277879e-02"
"1","
 [571,]"
"1"," -1.392507e-02"
"1","
 [572,]"
"1"," -2.223487e-02"
"1","
 [573,]"
"1"," -2.504908e-02"
"1","
 [574,]"
"1"," -9.129005e-03"
"1","
 [575,]"
"1"," -1.066326e-02"
"1","
 [576,]"
"1"," -5.125297e-03"
"1","
 [577,]"
"1","  8.790510e-04"
"1","
 [578,]"
"1","  1.288848e-02"
"1","
 [579,]"
"1","  9.258577e-03"
"1","
 [580,]"
"1"," -4.513283e-03"
"1","
 [581,]"
"1"," -4.284737e-03"
"1","
 [582,]"
"1"," -2.249036e-02"
"1","
 [583,]"
"1"," -1.992077e-02"
"1","
 [584,]"
"1"," -1.998738e-02"
"1","
 [585,]"
"1"," -1.593869e-02"
"1","
 [586,]"
"1"," -8.789592e-03"
"1","
 [587,]"
"1"," -7.528551e-03"
"1","
 [588,]"
"1"," -3.317021e-03"
"1","
 [589,]"
"1","  1.319671e-03"
"1","
 [590,]"
"1","  9.549142e-03"
"1","
 [591,]"
"1","  1.157862e-02"
"1","
 [592,]"
"1","  2.555114e-02"
"1","
 [593,]"
"1","  3.909199e-02"
"1","
 [594,]"
"1","  5.593803e-02"
"1","
 [595,]"
"1","  6.468166e-02"
"1","
 [596,]"
"1","  6.490253e-02"
"1","
 [597,]"
"1","  6.408454e-02"
"1","
 [598,]"
"1","  6.998380e-02"
"1","
 [599,]"
"1","  7.279273e-02"
"1","
 [600,]"
"1","  6.631265e-02"
"1","
 [601,]"
"1","  5.843214e-02"
"1","
 [602,]"
"1","  5.539757e-02"
"1","
 [603,]"
"1","  5.393826e-02"
"1","
 [604,]"
"1","  4.996506e-02"
"1","
 [605,]"
"1","  6.162275e-02"
"1","
 [606,]"
"1","  5.095011e-02"
"1","
 [607,]"
"1","  3.419073e-02"
"1","
 [608,]"
"1","  3.661602e-02"
"1","
 [609,]"
"1","  3.132846e-02"
"1","
 [610,]"
"1","  2.843511e-02"
"1","
 [611,]"
"1","  2.994813e-02"
"1","
 [612,]"
"1","  1.688126e-02"
"1","
 [613,]"
"1","  8.846430e-03"
"1","
 [614,]"
"1","  1.587013e-02"
"1","
 [615,]"
"1","  1.340707e-02"
"1","
 [616,]"
"1","  2.108161e-02"
"1","
 [617,]"
"1","  1.859839e-02"
"1","
 [618,]"
"1","  1.704793e-02"
"1","
 [619,]"
"1","  2.938823e-02"
"1","
 [620,]"
"1","  2.594055e-02"
"1","
 [621,]"
"1","  9.746489e-03"
"1","
 [622,]"
"1","  2.007012e-02"
"1","
 [623,]"
"1","  2.423343e-02"
"1","
 [624,]"
"1","  3.923272e-02"
"1","
 [625,]"
"1","  3.412233e-02"
"1","
 [626,]"
"1","  4.167091e-02"
"1","
 [627,]"
"1","  5.114844e-02"
"1","
 [628,]"
"1","  5.591903e-02"
"1","
 [629,]"
"1","  5.209015e-02"
"1","
 [630,]"
"1","  5.227934e-02"
"1","
 [631,]"
"1","  4.994889e-02"
"1","
 [632,]"
"1","  4.818178e-02"
"1","
 [633,]"
"1","  5.498198e-02"
"1","
 [634,]"
"1","  5.193951e-02"
"1","
 [635,]"
"1","  4.292598e-02"
"1","
 [636,]"
"1","  4.602920e-02"
"1","
 [637,]"
"1","  4.461228e-02"
"1","
 [638,]"
"1","  5.319024e-02"
"1","
 [639,]"
"1","  6.520811e-02"
"1","
 [640,]"
"1","  6.595947e-02"
"1","
 [641,]"
"1","  6.519508e-02"
"1","
 [642,]"
"1","  5.224501e-02"
"1","
 [643,]"
"1","  3.433320e-02"
"1","
 [644,]"
"1","  1.925268e-02"
"1","
 [645,]"
"1","  5.500158e-02"
"1","
 [646,]"
"1","  4.439172e-02"
"1","
 [647,]"
"1","  3.346681e-02"
"1","
 [648,]"
"1","  3.364752e-02"
"1","
 [649,]"
"1","  3.471501e-02"
"1","
 [650,]"
"1","  2.449974e-02"
"1","
 [651,]"
"1","  2.403984e-02"
"1","
 [652,]"
"1","  2.297751e-02"
"1","
 [653,]"
"1","  1.433952e-02"
"1","
 [654,]"
"1","  3.355945e-02"
"1","
 [655,]"
"1","  3.050054e-02"
"1","
 [656,]"
"1","  5.955671e-02"
"1","
 [657,]"
"1","  6.947764e-02"
"1","
 [658,]"
"1","  3.114666e-02"
"1","
 [659,]"
"1","  3.155651e-02"
"1","
 [660,]"
"1","  3.501235e-02"
"1","
 [661,]"
"1","  3.120201e-02"
"1","
 [662,]"
"1","  2.074147e-02"
"1","
 [663,]"
"1","  5.317558e-03"
"1","
 [664,]"
"1","  5.096925e-03"
"1","
 [665,]"
"1","  1.658856e-02"
"1","
 [666,]"
"1"," -8.558016e-03"
"1","
 [667,]"
"1"," -2.655351e-02"
"1","
 [668,]"
"1"," -3.340240e-02"
"1","
 [669,]"
"1"," -3.859784e-02"
"1","
 [670,]"
"1"," -3.327194e-02"
"1","
 [671,]"
"1"," -3.811025e-02"
"1","
 [672,]"
"1"," -1.929231e-02"
"1","
 [673,]"
"1"," -2.343480e-02"
"1","
 [674,]"
"1","  8.294183e-05"
"1","
 [675,]"
"1"," -2.657712e-02"
"1","
 [676,]"
"1"," -2.509053e-02"
"1","
 [677,]"
"1"," -1.566559e-02"
"1","
 [678,]"
"1","  3.767666e-03"
"1","
 [679,]"
"1","  4.560928e-03"
"1","
 [680,]"
"1"," -4.726743e-03"
"1","
 [681,]"
"1","  6.138574e-04"
"1","
 [682,]"
"1","  1.245158e-02"
"1","
 [683,]"
"1","  2.932527e-02"
"1","
 [684,]"
"1","  2.580266e-03"
"1","
 [685,]"
"1","  1.166516e-03"
"1","
 [686,]"
"1"," -4.435107e-03"
"1","
 [687,]"
"1"," -2.938854e-02"
"1","
 [688,]"
"1"," -3.415422e-02"
"1","
 [689,]"
"1"," -6.646293e-03"
"1","
 [690,]"
"1"," -1.570333e-02"
"1","
 [691,]"
"1"," -1.664360e-02"
"1","
 [692,]"
"1"," -2.740147e-02"
"1","
 [693,]"
"1"," -6.908173e-03"
"1","
 [694,]"
"1"," -1.610089e-02"
"1","
 [695,]"
"1"," -2.008616e-02"
"1","
 [696,]"
"1"," -2.738676e-02"
"1","
 [697,]"
"1"," -2.200023e-02"
"1","
 [698,]"
"1"," -9.397621e-03"
"1","
 [699,]"
"1"," -3.503695e-03"
"1","
 [700,]"
"1","  5.212099e-03"
"1","
 [701,]"
"1","  1.731690e-02"
"1","
 [702,]"
"1","  2.474379e-02"
"1","
 [703,]"
"1","  3.481499e-02"
"1","
 [704,]"
"1","  4.306766e-02"
"1","
 [705,]"
"1","  4.798658e-02"
"1","
 [706,]"
"1","  3.182300e-02"
"1","
 [707,]"
"1","  3.851500e-02"
"1","
 [708,]"
"1","  4.532315e-02"
"1","
 [709,]"
"1","  4.297088e-02"
"1","
 [710,]"
"1","  4.133292e-02"
"1","
 [711,]"
"1","  4.589827e-02"
"1","
 [712,]"
"1","  4.840627e-02"
"1","
 [713,]"
"1","  3.333188e-02"
"1","
 [714,]"
"1","  2.990050e-02"
"1","
 [715,]"
"1","  1.791976e-02"
"1","
 [716,]"
"1","  8.082846e-03"
"1","
 [717,]"
"1","  2.637629e-03"
"1","
 [718,]"
"1"," -1.607066e-03"
"1","
 [719,]"
"1","  7.809787e-03"
"1","
 [720,]"
"1","  1.858071e-02"
"1","
 [721,]"
"1","  1.703666e-02"
"1","
 [722,]"
"1","  2.576324e-02"
"1","
 [723,]"
"1","  3.192339e-02"
"1","
 [724,]"
"1","  2.086145e-02"
"1","
 [725,]"
"1","  3.387161e-02"
"1","
 [726,]"
"1","  1.508196e-02"
"1","
 [727,]"
"1","  2.197965e-02"
"1","
 [728,]"
"1","  1.866693e-02"
"1","
 [729,]"
"1","  6.785251e-03"
"1","
 [730,]"
"1","  1.429786e-02"
"1","
 [731,]"
"1","  9.829854e-03"
"1","
 [732,]"
"1","  6.491061e-03"
"1","
 [733,]"
"1","  5.880695e-03"
"1","
 [734,]"
"1","  9.121665e-03"
"1","
 [735,]"
"1"," -4.731625e-04"
"1","
 [736,]"
"1"," -1.192607e-02"
"1","
 [737,]"
"1","  3.606187e-03"
"1","
 [738,]"
"1"," -8.122029e-03"
"1","
 [739,]"
"1"," -1.051720e-02"
"1","
 [740,]"
"1"," -8.181553e-03"
"1","
 [741,]"
"1"," -4.587906e-03"
"1","
 [742,]"
"1"," -1.458271e-02"
"1","
 [743,]"
"1"," -7.361470e-03"
"1","
 [744,]"
"1"," -3.739678e-03"
"1","
 [745,]"
"1"," -1.061568e-02"
"1","
 [746,]"
"1"," -1.804917e-02"
"1","
 [747,]"
"1"," -2.403195e-02"
"1","
 [748,]"
"1"," -1.977099e-02"
"1","
 [749,]"
"1"," -6.443778e-03"
"1","
 [750,]"
"1"," -1.759603e-02"
"1","
 [751,]"
"1"," -1.649434e-02"
"1","
 [752,]"
"1"," -1.019113e-02"
"1","
 [753,]"
"1"," -8.716753e-03"
"1","
 [754,]"
"1","  3.756071e-03"
"1","
 [755,]"
"1","  1.606457e-02"
"1","
 [756,]"
"1","  1.972045e-02"
"1","
 [757,]"
"1","  1.813102e-02"
"1","
 [758,]"
"1","  1.470776e-02"
"1","
 [759,]"
"1","  1.258133e-02"
"1","
 [760,]"
"1","  9.793423e-03"
"1","
 [761,]"
"1","  1.427194e-02"
"1","
 [762,]"
"1","  1.408798e-02"
"1","
 [763,]"
"1","  7.645911e-03"
"1","
 [764,]"
"1","  1.012917e-02"
"1","
 [765,]"
"1","  2.473435e-02"
"1","
 [766,]"
"1","  2.565126e-02"
"1","
 [767,]"
"1","  2.622763e-02"
"1","
 [768,]"
"1","  2.744192e-02"
"1","
 [769,]"
"1","  1.917072e-02"
"1","
 [770,]"
"1","  1.838667e-02"
"1","
 [771,]"
"1","  3.045073e-02"
"1","
 [772,]"
"1","  2.852024e-02"
"1","
 [773,]"
"1","  4.214856e-02"
"1","
 [774,]"
"1","  4.991106e-02"
"1","
 [775,]"
"1","  4.291758e-02"
"1","
 [776,]"
"1","  3.374483e-02"
"1","
 [777,]"
"1","  4.518497e-02"
"1","
 [778,]"
"1","  3.260489e-02"
"1","
 [779,]"
"1","  3.762513e-02"
"1","
 [780,]"
"1","  3.826923e-02"
"1","
 [781,]"
"1","  2.751845e-02"
"1","
 [782,]"
"1","  3.457569e-02"
"1","
 [783,]"
"1","  4.183853e-02"
"1","
 [784,]"
"1","  3.893285e-02"
"1","
 [785,]"
"1","  6.183587e-02"
"1","
 [786,]"
"1","  5.451214e-02"
"1","
 [787,]"
"1","  5.955185e-02"
"1","
 [788,]"
"1","  5.031075e-02"
"1","
 [789,]"
"1","  4.649645e-02"
"1","
 [790,]"
"1","  4.622151e-02"
"1","
 [791,]"
"1","  5.961420e-02"
"1","
 [792,]"
"1","  5.076617e-02"
"1","
 [793,]"
"1","  5.236599e-02"
"1","
 [794,]"
"1","  3.790315e-02"
"1","
 [795,]"
"1","  3.907477e-02"
"1","
 [796,]"
"1","  3.247929e-02"
"1","
 [797,]"
"1","  2.210217e-02"
"1","
 [798,]"
"1","  1.751149e-02"
"1","
 [799,]"
"1"," -1.106161e-02"
"1","
 [800,]"
"1"," -2.411360e-02"
"1","
 [801,]"
"1"," -3.030624e-02"
"1","
 [802,]"
"1"," -1.132276e-02"
"1","
 [803,]"
"1"," -1.323762e-02"
"1","
 [804,]"
"1"," -2.112462e-02"
"1","
 [805,]"
"1"," -3.390987e-02"
"1","
 [806,]"
"1"," -2.963597e-02"
"1","
 [807,]"
"1"," -1.686167e-02"
"1","
 [808,]"
"1"," -1.350622e-02"
"1","
 [809,]"
"1"," -1.608026e-02"
"1","
 [810,]"
"1"," -1.147409e-02"
"1","
 [811,]"
"1"," -9.172609e-03"
"1","
 [812,]"
"1"," -2.353125e-03"
"1","
 [813,]"
"1","  5.815283e-03"
"1","
 [814,]"
"1","  2.412421e-03"
"1","
 [815,]"
"1","  5.488260e-03"
"1","
 [816,]"
"1","  3.391152e-03"
"1","
 [817,]"
"1","  1.863264e-02"
"1","
 [818,]"
"1","  2.792344e-02"
"1","
 [819,]"
"1","  2.399465e-02"
"1","
 [820,]"
"1","  1.871434e-02"
"1","
 [821,]"
"1","  2.481954e-02"
"1","
 [822,]"
"1","  3.813337e-02"
"1","
 [823,]"
"1","  2.723408e-02"
"1","
 [824,]"
"1","  2.969996e-02"
"1","
 [825,]"
"1","  2.865434e-02"
"1","
 [826,]"
"1","  2.381411e-02"
"1","
 [827,]"
"1","  2.250226e-02"
"1","
 [828,]"
"1","  3.452511e-02"
"1","
 [829,]"
"1","  3.925413e-02"
"1","
 [830,]"
"1","  4.842951e-02"
"1","
 [831,]"
"1","  4.375443e-02"
"1","
 [832,]"
"1","  3.750331e-02"
"1","
 [833,]"
"1","  3.955884e-02"
"1","
 [834,]"
"1","  2.290756e-02"
"1","
 [835,]"
"1","  1.710379e-02"
"1","
 [836,]"
"1","  3.092596e-02"
"1","
 [837,]"
"1","  2.485744e-02"
"1","
 [838,]"
"1","  2.319346e-02"
"1","
 [839,]"
"1","  9.987041e-03"
"1","
 [840,]"
"1"," -3.973074e-03"
"1","
 [841,]"
"1"," -1.190380e-02"
"1","
 [842,]"
"1"," -1.243929e-02"
"1","
 [843,]"
"1"," -1.658737e-02"
"1","
 [844,]"
"1"," -2.057893e-02"
"1","
 [845,]"
"1"," -1.154523e-02"
"1","
 [846,]"
"1"," -1.637057e-02"
"1","
 [847,]"
"1"," -1.401689e-02"
"1","
 [848,]"
"1"," -1.347289e-02"
"1","
 [849,]"
"1"," -8.618886e-03"
"1","
 [850,]"
"1"," -8.401379e-03"
"1","
 [851,]"
"1"," -5.610674e-04"
"1","
 [852,]"
"1","  4.729753e-05"
"1","
 [853,]"
"1","  1.495177e-02"
"1","
 [854,]"
"1","  2.499300e-02"
"1","
 [855,]"
"1","  3.140142e-02"
"1","
 [856,]"
"1","  3.084638e-02"
"1","
 [857,]"
"1","  2.747093e-02"
"1","
 [858,]"
"1","  2.326700e-02"
"1","
 [859,]"
"1","  2.151565e-02"
"1","
 [860,]"
"1","  1.438647e-02"
"1","
 [861,]"
"1"," -5.429572e-04"
"1","
 [862,]"
"1"," -6.079439e-03"
"1","
 [863,]"
"1"," -1.508372e-02"
"1","
 [864,]"
"1"," -2.501572e-02"
"1","
 [865,]"
"1"," -3.437621e-02"
"1","
 [866,]"
"1"," -4.002917e-02"
"1","
 [867,]"
"1"," -3.364669e-02"
"1","
 [868,]"
"1"," -3.696020e-02"
"1","
 [869,]"
"1"," -3.379893e-02"
"1","
 [870,]"
"1"," -3.385143e-02"
"1","
 [871,]"
"1"," -3.221989e-02"
"1","
 [872,]"
"1"," -2.627395e-02"
"1","
 [873,]"
"1"," -2.590749e-02"
"1","
 [874,]"
"1"," -2.963606e-02"
"1","
 [875,]"
"1"," -1.385362e-02"
"1","
 [876,]"
"1","  1.087188e-03"
"1","
 [877,]"
"1","  7.761545e-03"
"1","
 [878,]"
"1","  7.590947e-03"
"1","
 [879,]"
"1","  1.098613e-03"
"1","
 [880,]"
"1","  7.326873e-03"
"1","
 [881,]"
"1","  1.143710e-02"
"1","
 [882,]"
"1"," -8.570009e-03"
"1","
 [883,]"
"1"," -5.415852e-03"
"1","
 [884,]"
"1"," -1.473511e-02"
"1","
 [885,]"
"1"," -3.036968e-02"
"1","
 [886,]"
"1"," -4.146690e-02"
"1","
 [887,]"
"1"," -3.860687e-02"
"1","
 [888,]"
"1"," -1.483753e-02"
"1","
 [889,]"
"1"," -1.927799e-02"
"1","
 [890,]"
"1"," -3.054623e-02"
"1","
 [891,]"
"1"," -3.915486e-02"
"1","
 [892,]"
"1"," -3.427551e-02"
"1","
 [893,]"
"1"," -3.647326e-02"
"1","
 [894,]"
"1"," -3.843509e-02"
"1","
 [895,]"
"1"," -2.369739e-02"
"1","
 [896,]"
"1"," -1.907597e-02"
"1","
 [897,]"
"1","  8.724134e-03"
"1","
 [898,]"
"1","  2.149566e-02"
"1","
 [899,]"
"1","  2.160237e-02"
"1","
 [900,]"
"1","  3.528087e-02"
"1","
 [901,]"
"1","  3.962487e-02"
"1","
 [902,]"
"1","  2.881731e-02"
"1","
 [903,]"
"1","  4.313111e-02"
"1","
 [904,]"
"1","  3.514884e-02"
"1","
 [905,]"
"1","  4.009819e-02"
"1","
 [906,]"
"1","  4.305026e-02"
"1","
 [907,]"
"1","  4.089447e-02"
"1","
 [908,]"
"1","  4.430568e-02"
"1","
 [909,]"
"1","  3.072441e-02"
"1","
 [910,]"
"1","  4.626735e-02"
"1","
 [911,]"
"1","  4.798784e-02"
"1","
 [912,]"
"1","  4.546441e-02"
"1","
 [913,]"
"1","  3.716330e-02"
"1","
 [914,]"
"1","  3.760303e-02"
"1","
 [915,]"
"1","  1.178415e-02"
"1","
 [916,]"
"1","  5.641691e-03"
"1","
 [917,]"
"1","  7.487411e-03"
"1","
 [918,]"
"1","  1.305269e-02"
"1","
 [919,]"
"1","  3.878252e-03"
"1","
 [920,]"
"1"," -5.098505e-03"
"1","
 [921,]"
"1"," -2.676281e-03"
"1","
 [922,]"
"1"," -1.016843e-02"
"1","
 [923,]"
"1"," -3.608982e-03"
"1","
 [924,]"
"1"," -1.320530e-02"
"1","
 [925,]"
"1"," -3.684740e-02"
"1","
 [926,]"
"1"," -2.572486e-02"
"1","
 [927,]"
"1"," -3.339163e-02"
"1","
 [928,]"
"1"," -2.793082e-02"
"1","
 [929,]"
"1"," -2.782602e-02"
"1","
 [930,]"
"1"," -2.190190e-02"
"1","
 [931,]"
"1"," -1.188889e-02"
"1","
 [932,]"
"1"," -4.958680e-03"
"1","
 [933,]"
"1"," -1.396489e-02"
"1","
 [934,]"
"1","  6.880915e-03"
"1","
 [935,]"
"1","  1.808585e-02"
"1","
 [936,]"
"1","  1.157855e-02"
"1","
 [937,]"
"1","  1.780097e-02"
"1","
 [938,]"
"1","  4.216766e-03"
"1","
 [939,]"
"1"," -2.153595e-04"
"1","
 [940,]"
"1","  2.482692e-04"
"1","
 [941,]"
"1","  6.408433e-03"
"1","
 [942,]"
"1"," -8.384111e-03"
"1","
 [943,]"
"1"," -1.108506e-02"
"1","
 [944,]"
"1"," -1.062844e-02"
"1","
 [945,]"
"1"," -2.034696e-02"
"1","
 [946,]"
"1"," -1.768748e-02"
"1","
 [947,]"
"1"," -3.127958e-02"
"1","
 [948,]"
"1"," -1.530515e-02"
"1","
 [949,]"
"1"," -1.421516e-02"
"1","
 [950,]"
"1"," -1.083519e-02"
"1","
 [951,]"
"1"," -1.545853e-02"
"1","
 [952,]"
"1","  3.757567e-03"
"1","
 [953,]"
"1","  1.416910e-02"
"1","
 [954,]"
"1","  1.575917e-02"
"1","
 [955,]"
"1","  2.854455e-02"
"1","
 [956,]"
"1","  2.635162e-02"
"1","
 [957,]"
"1","  4.090732e-02"
"1","
 [958,]"
"1","  2.353412e-02"
"1","
 [959,]"
"1","  1.836441e-02"
"1","
 [960,]"
"1","  1.515874e-02"
"1","
 [961,]"
"1","  6.343822e-04"
"1","
 [962,]"
"1","  1.151418e-02"
"1","
 [963,]"
"1","  3.917347e-03"
"1","
 [964,]"
"1","  2.729570e-03"
"1","
 [965,]"
"1","  1.630869e-02"
"1","
 [966,]"
"1","  2.498103e-02"
"1","
 [967,]"
"1","  1.420055e-02"
"1","
 [968,]"
"1","  3.962720e-05"
"1","
 [969,]"
"1","  1.241873e-02"
"1","
 [970,]"
"1","  6.802656e-03"
"1","
 [971,]"
"1","  7.474259e-03"
"1","
 [972,]"
"1","  1.876893e-02"
"1","
 [973,]"
"1","  3.881719e-02"
"1","
 [974,]"
"1","  3.561449e-02"
"1","
 [975,]"
"1","  3.192596e-02"
"1","
 [976,]"
"1","  3.592960e-02"
"1","
 [977,]"
"1","  4.156494e-02"
"1","
 [978,]"
"1","  1.874517e-02"
"1","
 [979,]"
"1"," -3.953171e-03"
"1","
 [980,]"
"1"," -4.655444e-03"
"1","
 [981,]"
"1"," -3.241192e-03"
"1","
 [982,]"
"1"," -1.019026e-02"
"1","
 [983,]"
"1"," -7.708285e-03"
"1","
 [984,]"
"1"," -5.937600e-03"
"1","
 [985,]"
"1"," -6.315842e-03"
"1","
 [986,]"
"1"," -1.101820e-02"
"1","
 [987,]"
"1"," -1.396250e-02"
"1","
 [988,]"
"1"," -7.385187e-03"
"1","
 [989,]"
"1","  5.183879e-04"
"1","
 [990,]"
"1"," -5.287016e-03"
"1","
 [991,]"
"1"," -5.443583e-03"
"1","
 [992,]"
"1"," -5.507580e-03"
"1","
 [993,]"
"1","  4.342090e-03"
"1","
 [994,]"
"1","  1.006423e-02"
"1","
 [995,]"
"1","  4.637764e-03"
"1","
 [996,]"
"1","  6.703942e-03"
"1","
 [997,]"
"1","  6.306958e-03"
"1","
 [998,]"
"1"," -1.247609e-03"
"1","
 [999,]"
"1","  3.277742e-03"
"1","
[1000,]"
"1","  1.460479e-02"
"1","
"
"1"," [ reached getOption(""max.print"") -- omitted 3156 rows ]
"
"1","
"
